INSERT INTO "account"("userId","type","provider","providerAccountId","access_token","expires_at","id_token","refresh_token","scope","token_type","created_at","updated_at","session_state") VALUES
('d03709c5-9b6e-4bf5-b570-fe94feb1ce31','oauth','google','110314510556968736078','ya29.a0AfB_byCnxJ8lVAcFAikkj-zsLXMgsL5RNhPxCtQ1NiadFoZMGd1VHuqIZy5G9XJhEj0JgDI9lnoQmrxnXDWjSi0h9FT2nGp1GvB4ZqiKuzWi6iuqdx6BXCbk-rkR7oNiHyT9gA0ExUnUBZfxKUoe0475kXdDcuOg7I9YaCgYKAZkSARISFQHGX2Mi6dzm1k7ErmG2yX1APqH9vA0171',1709568982,'eyJhbGciOiJSUzI1NiIsImtpZCI6IjZmOTc3N2E2ODU5MDc3OThlZjc5NDA2MmMwMGI2NWQ2NmMyNDBiMWIiLCJ0eXAiOiJKV1QifQ.eyJpc3MiOiJodHRwczovL2FjY291bnRzLmdvb2dsZS5jb20iLCJhenAiOiI5NDUwMzMyMDM4OTctMGdjYTJkcTJ1bjJqMm9wbjBtNGhwZ252aHB0aG4zaGMuYXBwcy5nb29nbGV1c2VyY29udGVudC5jb20iLCJhdWQiOiI5NDUwMzMyMDM4OTctMGdjYTJkcTJ1bjJqMm9wbjBtNGhwZ252aHB0aG4zaGMuYXBwcy5nb29nbGV1c2VyY29udGVudC5jb20iLCJzdWIiOiIxMTAzMTQ1MTA1NTY5Njg3MzYwNzgiLCJlbWFpbCI6ImF0YXNzaXNhcmFAZ21haWwuY29tIiwiZW1haWxfdmVyaWZpZWQiOnRydWUsImF0X2hhc2giOiI0VEZydjUxbGxrN2ItenUtRWNueFBnIiwibmFtZSI6IlNhcmEiLCJwaWN0dXJlIjoiaHR0cHM6Ly9saDMuZ29vZ2xldXNlcmNvbnRlbnQuY29tL2EvQUNnOG9jTDNwcUx6c04zb0JCclF0SFpDb0hzNVdfZ3pDYW1LUXZpdk0zcThPUjRYZHljPXM5Ni1jIiwiZ2l2ZW5fbmFtZSI6IlNhcmEiLCJsb2NhbGUiOiJlbiIsImlhdCI6MTcwOTU2NTM4MywiZXhwIjoxNzA5NTY4OTgzfQ.iU8BPgw2eHnw35sEpMiF8OVIFaTjCqHlTRCOxiIXWvDrRSVCnKkA7IZmyjFNf-ql7cbUnHUFjB2LC_BY3NAXi37n1Om9jtNCc99lF0OgAG5Lv6Vi4K6yfFaUUUPNWWZHIZ0nT1TLJcIgw_9FKfvV5q3ykaR2saGbqVw8zBrSfv7WkIYt9n0BYAl8uEKWdDgbPB4FYOnZ2TvGU6A-BK1nZW3Iw_6Hw2wiNNdtUCt4uNZcpkwMQJUL_h8zDehlBzMEnBgCJu3KcTbKk2z3PD4LV5tZ_xWbMLUKOKIrdW2RSdeszzfDasrkUy0p4L9eckJl5mq83wOxtlMFk0Eyz554CA',NULL,'openid https://www.googleapis.com/auth/userinfo.email https://www.googleapis.com/auth/userinfo.profile','Bearer','2024-03-04 15:16:23','2024-03-04 15:16:23',NULL),
('cc417f16-7861-483f-b22b-4fcad9adca7b','oauth','google','112210022164638381186','ya29.a0AfB_byB2HIotREH0jM2d4sss3aDoJZSitDWyZQ-Vr6k__VeGvubFzIgqprOKKi0YGCyDEreIRogVPHQk1Rfz4OrDAUkLIyVdLq6avYQ67dRpVj4RzrEnPJoD8J1cBuzRNWR5pe8sYHVOcp6pKzSbUALxqL0lypJxytSzaCgYKAVcSARMSFQHGX2Mi4PSDD6EmkrxDc9j1_H6afA0171',1707880711,'eyJhbGciOiJSUzI1NiIsImtpZCI6ImVkODA2ZjE4NDJiNTg4MDU0YjE4YjY2OWRkMWEwOWE0ZjM2N2FmYzQiLCJ0eXAiOiJKV1QifQ.eyJpc3MiOiJodHRwczovL2FjY291bnRzLmdvb2dsZS5jb20iLCJhenAiOiI5NDUwMzMyMDM4OTctMGdjYTJkcTJ1bjJqMm9wbjBtNGhwZ252aHB0aG4zaGMuYXBwcy5nb29nbGV1c2VyY29udGVudC5jb20iLCJhdWQiOiI5NDUwMzMyMDM4OTctMGdjYTJkcTJ1bjJqMm9wbjBtNGhwZ252aHB0aG4zaGMuYXBwcy5nb29nbGV1c2VyY29udGVudC5jb20iLCJzdWIiOiIxMTIyMTAwMjIxNjQ2MzgzODExODYiLCJlbWFpbCI6ImdhdmluLmpha3ViaWtAZ21haWwuY29tIiwiZW1haWxfdmVyaWZpZWQiOnRydWUsImF0X2hhc2giOiJLamxkb3FtSHE2RGRwaWVQRmtEdG93IiwibmFtZSI6IkdhdmluIEpha3ViaWsiLCJwaWN0dXJlIjoiaHR0cHM6Ly9saDMuZ29vZ2xldXNlcmNvbnRlbnQuY29tL2EvQUNnOG9jTHFBV1pGSnRYSmc1Q1JlYVJjWUFKcXpncENCRzdzcmVWRTNmUXUxM1ZnRk9ZPXM5Ni1jIiwiZ2l2ZW5fbmFtZSI6IkdhdmluIiwiZmFtaWx5X25hbWUiOiJKYWt1YmlrIiwibG9jYWxlIjoiZW4iLCJpYXQiOjE3MDc4NzcxMTIsImV4cCI6MTcwNzg4MDcxMn0.UNK3HK4ZKRrMonXldaGh-adYfJNj__UfB7p9OpoWao7iC0PJf5mXVtbmCpD_OSB3RzaOw9dy-t-HNPMsQh3sltf-AUVjNeiPvZqIwNm-wAQPdjrQWKCpmx8LSylkr83-ovbuA9WPWrsWnN7Qr1f4NPJYAe0zJtbFSHt3WK7A4qJ7avXeHS8953aGNd4xOUk4-CV0BShl0v-3NOkRqnYylUkVHQSnHPjb4xoUMCe2HX6pr7bL936dzhP7ysbHSc0vQCDLquPRndIrtELN9uWNsJ4KrgR3BwWJ_zPkUvGXNoujwPi8BrF3a4MkfXxDTJCudNAQkuZIygEzMWyxNkhlyg',NULL,'openid https://www.googleapis.com/auth/userinfo.email https://www.googleapis.com/auth/userinfo.profile','Bearer','2024-02-14 02:18:32','2024-02-14 02:18:32',NULL),
('4c76b2f5-033e-4156-b143-447f12dc7f41','oauth','google','114666475641090427311','ya29.a0AfB_byBYh1kWIMZQkach5mhz2R5cJ4ifchhPo3UcioLMamvJmVuL1ywpudKPH_7AmdkzeNBFFrQl0k11q7E8kv7wiLjGu_iqilI2jIthAt8i5HYfsLmZ3YWJwcX25wN1MG148iHHJ8LRh75aXmGxE6YpVbIRZiQM-WfLaCgYKAY4SARESFQHGX2MiqRejFWXruk5K-LWFi0fdbA0171',1708804131,'eyJhbGciOiJSUzI1NiIsImtpZCI6IjU1YzE4OGE4MzU0NmZjMTg4ZTUxNTc2YmE3MjgzNmUwNjAwZThiNzMiLCJ0eXAiOiJKV1QifQ.eyJpc3MiOiJodHRwczovL2FjY291bnRzLmdvb2dsZS5jb20iLCJhenAiOiI5NDUwMzMyMDM4OTctMGdjYTJkcTJ1bjJqMm9wbjBtNGhwZ252aHB0aG4zaGMuYXBwcy5nb29nbGV1c2VyY29udGVudC5jb20iLCJhdWQiOiI5NDUwMzMyMDM4OTctMGdjYTJkcTJ1bjJqMm9wbjBtNGhwZ252aHB0aG4zaGMuYXBwcy5nb29nbGV1c2VyY29udGVudC5jb20iLCJzdWIiOiIxMTQ2NjY0NzU2NDEwOTA0MjczMTEiLCJlbWFpbCI6Im1pY2hhZWxkbGVlM0BnbWFpbC5jb20iLCJlbWFpbF92ZXJpZmllZCI6dHJ1ZSwiYXRfaGFzaCI6IjBJTVR3Y0tYbUVuNTdsTEFaVVJlM1EiLCJuYW1lIjoiTWljaGFlbCBMZWUiLCJwaWN0dXJlIjoiaHR0cHM6Ly9saDMuZ29vZ2xldXNlcmNvbnRlbnQuY29tL2EvQUNnOG9jS2hzcHpjVnBYMXRyQVBnb09Oa3BlaG55NTB1WjZUSzNIanVCMkdtXzgxPXM5Ni1jIiwiZ2l2ZW5fbmFtZSI6Ik1pY2hhZWwiLCJmYW1pbHlfbmFtZSI6IkxlZSIsImxvY2FsZSI6ImVuIiwiaWF0IjoxNzA4ODAwNTMyLCJleHAiOjE3MDg4MDQxMzJ9.JUQa9dVc579GhZetK40u6rIYaNdWgC2gwxCQIDPO8yu0U9zmqQqmpNRzkbACHlca3U5wGs9x4gLg0tDRo8XlDZcGQsVjNfGconizFpR05tQXgyjnRk5WWxWlsWfSs-XUDViYYAMgqOla5cJohncksZpYHpRv1o8ohkOSpjbwG0AYpvWBy2Dd6mBwTelT1owPasOgOkubrnNDndQZQfayp8_Vjsv963sLQRrvu-ABO5CIN4CzyUZSdCuBA0aK4R_Z6eqYaYoaJqOyj5Br5fzeXTcRvO81qb5GrSUnlUsVEGddrabDJf8OXBhZ94vGOGJcadfqGZNtY4K0i9n-wltZPQ',NULL,'https://www.googleapis.com/auth/userinfo.email https://www.googleapis.com/auth/userinfo.profile openid','Bearer','2024-02-24 18:48:53','2024-02-24 18:48:53',NULL),
('2af48327-e256-48c0-8283-d24a46bfb70a','oauth','google','115373935334530085044','ya29.a0AfB_byAUlgH3J30KsMVBi7VU10iBqVJn0TLbliVLBfpcpy7mZy2gBICwrkX9F2Cj9lhyWxYrNq9FGwwIeK4EcF_v4ax3oSelEq0JwX0dYpIw7CGKVE06Dxr3mQVXs0GrGuiDMwNmoD1Zg7E5ZsPKyTzhnvt5vLJy1BxaaCgYKAaQSARMSFQHGX2Mi2xxvw7jm9sjtVlHKG914pw0171',1707554394,'eyJhbGciOiJSUzI1NiIsImtpZCI6ImVkODA2ZjE4NDJiNTg4MDU0YjE4YjY2OWRkMWEwOWE0ZjM2N2FmYzQiLCJ0eXAiOiJKV1QifQ.eyJpc3MiOiJodHRwczovL2FjY291bnRzLmdvb2dsZS5jb20iLCJhenAiOiI5NDUwMzMyMDM4OTctMGdjYTJkcTJ1bjJqMm9wbjBtNGhwZ252aHB0aG4zaGMuYXBwcy5nb29nbGV1c2VyY29udGVudC5jb20iLCJhdWQiOiI5NDUwMzMyMDM4OTctMGdjYTJkcTJ1bjJqMm9wbjBtNGhwZ252aHB0aG4zaGMuYXBwcy5nb29nbGV1c2VyY29udGVudC5jb20iLCJzdWIiOiIxMTUzNzM5MzUzMzQ1MzAwODUwNDQiLCJlbWFpbCI6Imdhdml0bzg4MDBAZ21haWwuY29tIiwiZW1haWxfdmVyaWZpZWQiOnRydWUsImF0X2hhc2giOiJsbTRtZFhWX2x5SkIwLTMzYzE5Vk1nIiwibmFtZSI6IkdhdmluIEpha3ViaWsiLCJwaWN0dXJlIjoiaHR0cHM6Ly9saDMuZ29vZ2xldXNlcmNvbnRlbnQuY29tL2EvQUNnOG9jSXVHUTkzRmtuOTc2bUJWajV5eU41bS03M2prUG5JcHNvNkJMcXVUeW11S2c9czk2LWMiLCJnaXZlbl9uYW1lIjoiR2F2aW4iLCJmYW1pbHlfbmFtZSI6Ikpha3ViaWsiLCJsb2NhbGUiOiJlbiIsImlhdCI6MTcwNzU1MDc5NSwiZXhwIjoxNzA3NTU0Mzk1fQ.X8ehkSU78HAmrB6Ckmw2NV3S7SgTmqkLSm9AbjK5smiU_rjynqq6Camv_i2FB7KJhAntp0KHofZAFBqf8rWoVV94WnmdX5qbVtdrcj9hXKB0i5XkN4FrPw-rzDJa62O_Ve-kFjyv11fHpfeHnNS5XSAEtPH7jH3RK7z_Fvl8gdPRRQdZNNABWQyGHBNkwtmMwwMQZL1P2_JXHum_CwRGfW8lMsbB-feyCvF5ViKBiXZVT6xFl8fa-wj3w3iLquxQOJ1YycrOne6aDfBPViwo7sS7VBwri_yHkzS_As7YOtFUZVL9pmQSiLraUfFMVYN4-icllb14eUMpogvp0A3uVA',NULL,'https://www.googleapis.com/auth/userinfo.profile openid https://www.googleapis.com/auth/userinfo.email','Bearer','2024-02-10 07:39:56','2024-02-10 07:39:56',NULL);
INSERT INTO "featureFlag"("id","name","description","isActive") VALUES
(1,'canSeeGroceryList','Determines wether users can see the grocery list feature',FALSE),
(2,'canSeeNewAIRecipeUpload','Turns on the new AI modal with GPT integeregeregrations',TRUE);
INSERT INTO "menus"("id","title","description","recipes","creation_date","updated_at","author_id") VALUES
(1,'Test menu','menus test\n','[2]','2024-02-11 21:42:49','2024-02-11 21:43:04','2af48327-e256-48c0-8283-d24a46bfb70a'),
(2,'Thanksgiving Dinner','Thanksgiving dinner with the family',NULL,'2024-02-17 03:34:25','2024-02-17 03:34:25','2af48327-e256-48c0-8283-d24a46bfb70a'),
(3,'1/7/24 Meal Plan','Meal plan for the week of 1/7/24',NULL,'2024-02-17 03:34:25','2024-02-17 03:34:25','2af48327-e256-48c0-8283-d24a46bfb70a'),
(4,'Sara''s Birthday Dinner','Dinner for Sara''s birthday, including flatbreads, pulled pork sliders, coleslaw, and pasta salad',NULL,'2024-02-17 03:34:26','2024-02-17 03:34:26','2af48327-e256-48c0-8283-d24a46bfb70a'),
(5,'1/14/24 Meal Plan','Meal plan for the week of 1/14/24',NULL,'2024-02-17 03:34:26','2024-02-17 03:34:26','2af48327-e256-48c0-8283-d24a46bfb70a'),
(6,'1/21/24 Meal Plan','Meal plan for the week of 1/21/24',NULL,'2024-02-17 03:34:26','2024-02-17 03:34:26','2af48327-e256-48c0-8283-d24a46bfb70a'),
(7,'1/28/24 Meal Plan','Meal plan for the week of 1/28/24',NULL,'2024-02-17 03:34:26','2024-02-17 03:34:26','2af48327-e256-48c0-8283-d24a46bfb70a'),
(8,'2/4/24 Meal Plan','Meal plan for the week of 2/4/24',NULL,'2024-02-17 03:34:26','2024-02-17 03:34:26','2af48327-e256-48c0-8283-d24a46bfb70a'),
(9,'2/11/24 Meal Plan','Meal plan for the week of 2/11/24',NULL,'2024-02-17 03:34:26','2024-02-17 03:34:26','2af48327-e256-48c0-8283-d24a46bfb70a'),
(10,'2/18/24 Meal Plan','Meal plan for the week of 2/18/24',NULL,'2024-02-17 03:34:26','2024-02-17 03:34:26','2af48327-e256-48c0-8283-d24a46bfb70a'),
(11,'2/25/24 Meal Plan','Meal plan for the week of 2/25/24',NULL,'2024-02-17 03:34:26','2024-02-17 03:34:26','2af48327-e256-48c0-8283-d24a46bfb70a'),
(12,'3/3/24 Meal Plan','Meal plan for the week of 3/3/24',NULL,'2024-02-17 03:34:26','2024-02-17 03:34:26','2af48327-e256-48c0-8283-d24a46bfb70a'),
(13,'3/10/24 Meal Plan','Meal plan for the week of 3/10/24',NULL,'2024-02-17 03:34:27','2024-02-17 03:34:27','2af48327-e256-48c0-8283-d24a46bfb70a'),
(14,'3/17/24 Meal Plan','Meal plan for the week of 3/17/24',NULL,'2024-02-17 03:34:27','2024-02-17 03:34:27','2af48327-e256-48c0-8283-d24a46bfb70a'),
(15,'3/24/24 Meal Plan','Meal plan for the week of 3/24/24',NULL,'2024-02-17 03:34:27','2024-02-17 03:34:27','2af48327-e256-48c0-8283-d24a46bfb70a'),
(16,'3/31/24 Meal Plan','Meal plan for the week of 3/31/24',NULL,'2024-02-17 03:34:27','2024-02-17 03:34:27','2af48327-e256-48c0-8283-d24a46bfb70a'),
(17,'4/7/24 Meal Plan','Meal plan for the week of 4/7/24',NULL,'2024-02-17 03:34:27','2024-02-17 03:34:27','2af48327-e256-48c0-8283-d24a46bfb70a'),
(18,'4/14/24 Meal Plan','Meal plan for the week of 4/14/24',NULL,'2024-02-17 03:34:27','2024-02-17 03:34:27','2af48327-e256-48c0-8283-d24a46bfb70a');
INSERT INTO "recipes"("id","title","description","preparation_time","cooking_time","servings","difficulty_level","instructions","creation_date","author_id","title_image","helper_images","updated_at","ingredients","private","rating") VALUES
(1,'Crispy Fried Chicken','This is the ultimate recipe for the best crispy fried chicken, honed from years of experimenting and collecting tips. It emphasizes preparation and cooking method to achieve the perfect crispy texture.','00:15:00','00:35:00','4','medium','["Take your cut up chicken pieces and skin them if you prefer.", "Put the flour in a large plastic bag. Season the flour with paprika, salt, and pepper to taste.", "Dip chicken pieces in buttermilk then, a few at a time, put them in the bag with the flour, seal the bag and shake to coat well.", "Place the coated chicken on a cookie sheet or tray, and cover with a clean dish towel or waxed paper. LET SIT UNTIL THE FLOUR IS OF A PASTE-LIKE CONSISTENCY. THIS IS CRUCIAL!", "Fill a large skillet about 1/3 to 1/2 full with vegetable oil. Heat until VERY hot.", "Put in as many chicken pieces as the skillet can hold. Brown the chicken in HOT oil on both sides.", "When browned, reduce heat and cover skillet; let cook for 30 minutes. Remove cover, raise heat again, and continue to fry until crispy.", "Drain the fried chicken on paper towels. Depending on how much chicken you have, you may have to fry in a few shifts. Keep the finished chicken in a slightly warm oven while preparing the rest."]','2023-12-20 20:25:12','2af48327-e256-48c0-8283-d24a46bfb70a','null','null','2024-02-11 23:40:35','[{"id": 0, "name": "chicken (4 pounds), cut integeregero pieces", "unit": "whole", "amount": "1"}, {"id": 1, "name": "buttermilk", "unit": "cup", "amount": "1"}, {"id": 2, "name": "all-purpose flour for coating", "unit": "cup", "amount": "2"}, {"id": 3, "name": "paprika", "unit": "Teaspoon", "amount": "1"}, {"id": 4, "name": "salt and pepper", "unit": "whole", "amount": "to taste"}, {"id": 5, "name": "vegetable oil for frying", "unit": "quart", "amount": "2"}]',FALSE,0),
(2,'Fresh Tomatoes, Onions with Dill','A simple, yet flavorful salad featuring thinly sliced fresh tomatoes and onions, combined with dill, lemon juice, celery seed, sugar, salt, and pepper.','00:15:00','00:00:00','4','easy','["Separate tomatoes integeregero rings.", "Arrange alternating rows of tomatoes & onion rings on large serving platter with a lip.", "Combine remaining ingredients in small bowl.", "Sprinkle or spread over tomatoes & onions, tucking the dill under & between onions.", "Refrigerate at least 2 hours.", "Pour dressing & accumulated juices off vegetables integeregero small bowl and then pour it back over them 2 times during this period to blend flavors."]','2023-12-20 20:25:12','cc417f16-7861-483f-b22b-4fcad9adca7b','null','null','2024-02-27 00:25:28','[{"id": 0, "name": "large onion", "unit": "whole", "amount": "1"}, {"id": 1, "name": "large tomato", "note": "peeled, sliced", "unit": "whole", "amount": "3"}, {"id": 2, "name": "fresh dill", "unit": "Teaspoon", "amount": "2 1/2"}, {"id": 3, "name": "lemon juice", "unit": "Tablespoon", "amount": "1"}, {"id": 4, "name": "sugar", "unit": "Teaspoon", "amount": "1 1/4"}, {"id": 5, "name": "celery seed", "unit": "Teaspoon", "amount": "1"}, {"id": 6, "name": "salt", "unit": "Teaspoon", "amount": "1 1/4"}, {"id": 7, "name": "pepper", "unit": "Teaspoon", "amount": "1/4"}]',FALSE,0),
(3,'Pesto Dip','A creamy and herby pesto dip perfect for chips or vegetables.','00:15:00','00:00:00','4','easy','["In blender or food processor, blend all ingredients until almost smooth.", "Cover and chill."]','2024-02-17 03:23:47','cc417f16-7861-483f-b22b-4fcad9adca7b','null','null','2024-03-05 06:58:30','[{"name": "Hellmann''s Real Mayo", "unit": "cup", "amount": "2"}, {"name": "sour cream", "unit": "cup", "amount": "1"}, {"name": "frozen chopped spinach, thawed, drained", "unit": "pkg", "amount": "1"}, {"name": "dried basil", "unit": "tbsp", "amount": "1"}, {"name": "grated Parmesan cheese", "unit": "cup", "amount": "1"}, {"name": "salt", "unit": "tbsp", "amount": "1"}]',FALSE,4),
(4,'Ginger Lime Dip','A tangy and refreshing dip with a kick of ginger, perfect as a companion for fruit or crackers.','00:10:00','00:00:00','4','easy','["Stir all ingredients until well mixed.", "Cover, chill, and serve with fruit."]','2024-02-17 03:23:47','cc417f16-7861-483f-b22b-4fcad9adca7b','null','null','2024-02-27 00:25:28','[{"name": "Hellmann''s Real Mayo", "unit": "cup", "amount": "1"}, {"name": "sour cream", "unit": "cup", "amount": "1"}, {"name": "honey", "unit": "tbsp", "amount": "2"}, {"name": "lime juice", "unit": "tbsp", "amount": "1"}, {"name": "ground ginger", "unit": "tsp", "amount": "0.5"}]',FALSE,0),
(5,'Sweet Sour Chicken Wings','A tangy and sweet chicken wing dish with a combination of vinegar, pineapple juice, soy sauce, and spices.','00:15:00','00:30:00','4','medium','["Brown chicken on all sides in hot fat in a large heavy skillet.", "Combine remaining ingredients in saucepan; cook to boiling, then simmer 5 min.", "Pour over chicken; cook, covered, on low heat 20 min.", "Uncover & cook 15 min, or until chicken is tender."]','2024-02-17 03:23:47','cc417f16-7861-483f-b22b-4fcad9adca7b','null','null','2024-03-05 07:06:43','[{"name": "chicken wings", "unit": "lb", "amount": "2"}, {"name": "vinegar", "unit": "cup", "amount": "0.5"}, {"name": "shortening", "unit": "cup", "amount": "0.25"}, {"name": "brown sugar", "unit": "cup", "amount": "0.5"}, {"name": "pineapple juice", "unit": "can", "amount": "1"}, {"name": "catsup", "unit": "cup", "amount": "0.75"}, {"name": "soy sauce", "unit": "tbsp", "amount": "1"}, {"name": "prepared mustard", "unit": "tbsp", "amount": "1"}, {"name": "salt", "unit": "tsp", "amount": "0.5"}]',FALSE,4),
(6,'Shrimp Louis Dip','A creamy and savory dip with a base of mayonnaise and sour cream, enhanced with fresh shrimp, green pepper, and a kick of horseradish.','00:15:00','00:00:00','Variable','easy','["Stir all ingredients until well mixed.", "Cover and chill."]','2024-02-17 03:23:47','2af48327-e256-48c0-8283-d24a46bfb70a','null','null','2024-02-17 03:23:47','[{"name": "Hellmann''s Real Mayo", "unit": "cup", "amount": "1"}, {"name": "sour cream", "unit": "cup", "amount": "1"}, {"name": "finely chopped cooked shrimp", "unit": "cup", "amount": "1"}, {"name": "chili sauce", "unit": "cup", "amount": "1"}, {"name": "finely chopped green pepper", "unit": "tbsp", "amount": "1"}, {"name": "prepared horseradish", "unit": "tbsp", "amount": "1"}, {"name": "pepper, fresh ground", "unit": "tsp", "amount": "0.125"}]',FALSE,0),
(7,'French Onion Dip','A classic creamy dip flavored with French onion soup mix.','00:10:00','00:00:00','Variable','easy','["Stir all ingredients until well mixed.", "Cover and chill."]','2024-02-17 03:23:48','2af48327-e256-48c0-8283-d24a46bfb70a','null','null','2024-02-17 03:23:48','[{"name": "Hellmann''s Real Mayonnaise", "unit": "cup", "amount": "2.5"}, {"name": "sour cream", "unit": "cup", "amount": "2"}, {"name": "Knorr French onion soup & recipe mix", "unit": "pkg", "amount": "1"}]',FALSE,0),
(8,'Bacon Horseradish Dip','A rich dip with bold flavors of bacon and horseradish.','00:15:00','00:00:00','Variable','easy','["Stir bacon bits integeregero mayonnaise and sour cream.", "Add prepared horseradish.", "Stir all ingredients until well mixed.", "Cover and chill."]','2024-02-17 03:23:48','2af48327-e256-48c0-8283-d24a46bfb70a','null','null','2024-02-17 03:23:48','[{"name": "Hellmann''s Real Mayo", "unit": "cup", "amount": "1"}, {"name": "sour cream", "unit": "cup", "amount": "1"}, {"name": "prepared horseradish", "unit": "cup", "amount": "0.25"}, {"name": "real bacon bits", "unit": "cup", "amount": "1"}]',FALSE,0),
(9,'Green Onion Dip','A fresh and zesty dip with green onions and Dijon mustard.','00:10:00','00:00:00','Variable','easy','["Stir sliced green onions and parsley integeregero mayonnaise and sour cream.", "Add Dijon mustard and minced garlic.", "Blend or process until almost smooth.", "Cover and chill."]','2024-02-17 03:23:48','2af48327-e256-48c0-8283-d24a46bfb70a','null','null','2024-02-17 03:23:48','[{"name": "Hellmann''s Real Mayo", "unit": "cup", "amount": "1"}, {"name": "sour cream", "unit": "cup", "amount": "1"}, {"name": "sliced green onions", "unit": "cup", "amount": "0.5"}, {"name": "parsley sprigs", "unit": "cup", "amount": "0.5"}, {"name": "Dijon mustard", "unit": "tbsp", "amount": "1"}, {"name": "garlic, minced", "unit": "clove", "amount": "1"}]',FALSE,0),
(10,'Canning Carrots, Corn, Beans','Home canning process for preserving carrots, corn, and beans.','01:00:00','03:00:00','Variable','medium','["Wash and peel carrots.", "Cut corn from cob.", "Wash, snip green or yellow beans.", "Cut integeregero desired pieces.", "Pack loosely integeregero pintegereger jars.", "Add 1/2 tsp canning salt per pintegereger jar.", "Fill jar with boiling water.", "Put on lid and band, screw on firmly.", "Boil in hot water bath for 3 hours."]','2024-02-17 03:23:48','cc417f16-7861-483f-b22b-4fcad9adca7b','null','null','2024-02-27 00:25:28','[{"name": "carrots", "unit": "Variable", "amount": "1"}, {"name": "corn", "unit": "Variable", "amount": "1"}, {"name": "green or yellow beans", "unit": "Variable", "amount": "1"}, {"name": "canning salt per pintegereger jar", "unit": "tsp", "amount": "0.5"}]',FALSE,0),
(11,'48-Hour Crock Pickles','A traditional crock pickle recipe requiring 48 hours of brining.','00:15:00','48:00:00','Varies','medium','["Place pickles in pail along with some dill, onion, and garlic.", "Mix together vinegar, water, sugar and salt.", "Pour over sliced, speared, or whole cucumbers.", "Let stand for 48 hours.", "Can boil brine and pour over cucumbers in jars."]','2024-02-17 03:23:48','2af48327-e256-48c0-8283-d24a46bfb70a','null','null','2024-02-17 03:23:48','[{"name": "vinegar", "unit": "cup", "amount": "2"}, {"name": "water", "unit": "qt", "amount": "2"}, {"name": "sugar", "unit": "cup", "amount": "1.5"}, {"name": "salt", "unit": "tbsp", "amount": "1.75"}]',FALSE,0),
(12,'Frozen Sweet Dill Pickles','Sweet dill pickles recipe that is frozen for preservation and taste.','00:15:00','02:00:00','Varies','easy','["Mix together salt, sugar, and cider vinegar.", "Let set for 2 hours.", "Drain, but DO NOT rinse.", "Add dillweed to taste.", "Let set until sugar dissolves and liquid covers cucumbers.", "Put in freezer containers with 1 inch space.", "Freeze."]','2024-02-17 03:23:48','2af48327-e256-48c0-8283-d24a46bfb70a','null','null','2024-02-17 03:23:48','[{"name": "sliced cucumber, peeled", "unit": "cup", "amount": "4"}, {"name": "sliced onion", "unit": "cup", "amount": "2"}, {"name": "water", "unit": "tbsp", "amount": "2"}, {"name": "salt", "unit": "tsp", "amount": "4"}, {"name": "sugar", "unit": "cup", "amount": "3.75"}, {"name": "cider vinegar", "unit": "cup", "amount": "0.5"}, {"name": "dillweed to taste", "unit": "tbsp", "amount": "0"}]',FALSE,0),
(13,'Hot Artichoke Dip','A creamy, cheesy artichoke dip that''s perfect for parties.','00:10:00','00:30:00','8','easy','["Stir all ingredients until well mixed.", "Spoon integeregero a small ovenproof dish.", "Bake at 350 degrees for 30 minutes or until bubbly."]','2024-02-17 03:23:48','2af48327-e256-48c0-8283-d24a46bfb70a','null','null','2024-02-17 03:23:48','[{"name": "Hellmann''s Real Mayo", "unit": "cup", "amount": "2"}, {"name": "sour cream", "unit": "cup", "amount": "1"}, {"name": "artichoke hearts, drained, chopped", "unit": "can", "amount": "1"}, {"name": "Parmesan cheese", "unit": "cup", "amount": "1"}, {"name": "black pepper sauce", "unit": "tsp", "amount": "0.125"}]',FALSE,0),
(14,'Guacamole Dip','A fresh, tangy guacamole dip perfect for dipping or as a spread.','00:15:00','00:00:00','8','easy','["Stir all ingredients until well mixed.", "Cover.", "Chill.", "Serve."]','2024-02-17 03:23:48','2af48327-e256-48c0-8283-d24a46bfb70a','null','null','2024-02-17 03:23:48','[{"name": "Hellmann''s Real Mayo", "unit": "cup", "amount": "2"}, {"name": "tomato, chopped", "unit": "sm", "amount": "1"}, {"name": "avocado, peeled, mashed", "unit": "large", "amount": "1"}, {"name": "onion, minced", "unit": "cup", "amount": "0.25"}, {"name": "lemon juice", "unit": "tbsp", "amount": "1"}, {"name": "salt", "unit": "tsp", "amount": "0.5"}, {"name": "minced, chopped green chilies", "unit": "tbsp", "amount": "1"}]',FALSE,0),
(15,'Spinach Dip','A savory spinach dip with a mix of spinach and herbs, great for entertaining.','00:15:00','00:00:00','8','easy','["Stir all ingredients until well mixed.", "Cover.", "Chill."]','2024-02-17 03:23:48','2af48327-e256-48c0-8283-d24a46bfb70a','null','null','2024-02-17 03:23:48','[{"name": "Hellmann''s Real Mayonnaise", "unit": "cup", "amount": "1"}, {"name": "sour cream", "unit": "cup", "amount": "0.5"}, {"name": "frozen chopped spinach, thawed, drained", "unit": "pkg", "amount": "1"}, {"name": "Knorr vegetable soup & recipe mix", "unit": "pkg", "amount": "1"}, {"name": "water chestnuts, drained, chopped (optional)", "unit": "can", "amount": "1"}, {"name": "green onions, chopped", "unit": "whole", "amount": "3"}]',FALSE,0),
(16,'Egg Nog','A classic holiday egg nog with a blend of eggs, milk, ice cream, and a hintegereger of brandy or rum.','00:15:00','00:00:00','8','easy','["Separate the eggs.", "Beat egg whites, add 3/4 cup sugar and beat.", "In a separate bowl, beat egg yolks, add 1/4 cup sugar and beat.", "Mix egg mixtures together.", "Add milk and brandy or rum and mix.", "Float half a gallon of vanilla ice cream in bowl with mixture.", "Sprinkle each serving with nutmeg."]','2024-02-17 03:23:48','2af48327-e256-48c0-8283-d24a46bfb70a','null','null','2024-02-17 03:23:48','[{"name": "eggs, separated", "unit": "whole", "amount": "12"}, {"name": "sugar", "unit": "cup", "amount": "1"}, {"name": "milk", "unit": "gallon", "amount": "0.75"}, {"name": "ice cream, vanilla", "unit": "gallon", "amount": "0.5"}, {"name": "brandy or rum", "unit": "cup", "amount": "0.5"}]',FALSE,0),
(17,'Beef Kebabs','Savory beef kebabs marinated in a blend of chablis, soy sauce, and seasonings, grilled with vegetables.','00:20:00','00:10:00','Varies','medium','["Mix chablis, Worcestershire sauce, honey, soy sauce, grated ginger root, and pineapple juice for marinade.", "Cut sirloin steak integeregero 1\" cubes.", "Skewer alternately with vegetables.", "Marinate in the refrigerator for up to two days.", "Grill until beef is done to your taste."]','2024-02-17 03:23:49','2af48327-e256-48c0-8283-d24a46bfb70a','null','null','2024-02-17 03:23:49','[{"name": "chablis", "unit": "cup", "amount": "0.5"}, {"name": "Worcestershire sauce", "unit": "tbsp", "amount": "1"}, {"name": "honey", "unit": "tbsp", "amount": "1"}, {"name": "soy sauce", "unit": "cup", "amount": "0.25"}, {"name": "grated ginger root", "unit": "tsp", "amount": "1"}, {"name": "pineapple juice", "unit": "cup", "amount": "0.75"}, {"name": "sirloin steak, cut integeregero 1\" cubes", "unit": "lb", "amount": "1.5"}]',FALSE,0),
(18,'Chicken Casserole','Hearty chicken casserole with cheese, celery, and a crispy fried onion topping.','00:30:00','00:45:00','8','medium','["Skin chicken and boil in pot of water for 2 minutes.", "Let chicken simmer in pot at low heat for 15-20 minutes.", "Drain and let chicken cool for 15 minutes.", "Debone chicken and cut integeregero bite-size pieces.", "In a bowl, mix remaining ingredients, except fried onions.", "Add chicken pieces.", "Place in casserole dish and bake for 45 minutes at 350 degrees.", "Top with fried onions."]','2024-02-17 03:23:49','cc417f16-7861-483f-b22b-4fcad9adca7b','null','null','2024-02-27 00:25:28','[{"name": "chicken breasts", "unit": "whole", "amount": "4"}, {"name": "cream of mushroom soup", "unit": "can", "amount": "1"}, {"name": "cheddar cheese soup", "unit": "can", "amount": "1"}, {"name": "can evaporated milk", "unit": "sm", "amount": "1"}, {"name": "chopped celery", "unit": "cup", "amount": "1"}, {"name": "jar pimento", "unit": "sm", "amount": "1"}, {"name": "chow mein noodles", "unit": "cup", "amount": "1"}, {"name": "salt", "unit": "tsp", "amount": "1"}, {"name": "green beans", "unit": "to 10 froz", "amount": "8"}, {"name": "fried onions, for topping", "unit": "can", "amount": "1"}]',FALSE,0),
(19,'Beef Shish-Kabob','Marinated beef cubes skewered with assorted vegetables.','00:15:00','00:10:00','6','medium','["In a deep bowl, combine all ingredients except meat; mix well.", "Add meat to the marinade and stir to coat.", "Refrigerate overnight or let stand at room temperature for 2 or 3 hours, turning meat occasionally.", "Skewer with assorted vegetables like green & red peppers, mushrooms, onion, and zucchini chunks."]','2024-02-17 03:23:49','cc417f16-7861-483f-b22b-4fcad9adca7b','null','null','2024-02-27 00:25:27','[{"name": "salad oil", "unit": "cup", "amount": "0.5"}, {"name": "vinegar", "unit": "cup", "amount": "0.25"}, {"name": "chopped onion", "unit": "cup", "amount": "0.25"}, {"name": "salt", "unit": "tsp", "amount": "1"}, {"name": "coarsely ground pepper", "unit": "tbsp", "amount": "1"}, {"name": "Worcestershire sauce", "unit": "tbsp", "amount": "2"}, {"name": "lean beef round, sirloin cut in 1 1/2 inch cubes", "unit": "lb", "amount": "2"}]',FALSE,0),
(20,'Chicken Kiev','A classic Chicken Kiev recipe where chicken breasts are stuffed with flavorful butter, coated in breadcrumbs, and baked.','01:00:00','00:20:00','6','medium','["Prepare chicken.", "Mix margarine, parsley, chives, onions, salt, and pepper.", "Shape the mixture integeregero 6 sticks and chill or freeze.", "Place chicken breast between two pieces of wax paper and pound with a mallet.", "Place 1 stick of butter mixture on each breast, roll, and close edges with picks.", "Sprinkle with salt and pepper.", "Heat oven to 400 degrees.", "Beat eggs and water.", "Dredge breasts with flour, dip in egg, then roll in breadcrumbs.", "Saute in margarine until brown.", "Bake for 20 minutes."]','2024-02-17 03:23:49','cc417f16-7861-483f-b22b-4fcad9adca7b','null','null','2024-02-27 00:25:27','[{"name": "soft margarine", "unit": "cup", "amount": "0.75"}, {"name": "parsley", "unit": "tbsp", "amount": "1"}, {"name": "chopped chives", "unit": "tbsp", "amount": "1"}, {"name": "chopped onions", "unit": "tbsp", "amount": "1"}, {"name": "salt", "unit": "tsp", "amount": "1.5"}, {"name": "pepper", "unit": "tsp", "amount": "0.125"}, {"name": "chicken breasts", "unit": "whole", "amount": "6"}, {"name": "egg", "unit": "whole", "amount": "1"}, {"name": "cold water", "unit": "tbsp", "amount": "1"}, {"name": "margarine", "unit": "cup", "amount": "1.25"}, {"name": "bread crumbs", "unit": "cup", "amount": "2.67"}]',FALSE,0),
(21,'Meatloaf','A traditional meatloaf recipe with a savory blend of spices and condiments.','00:15:00','01:00:00','4','medium','["Mix lean hamburger, bread crumbs or oats, eggs, chopped onion, onion powder, garlic powder, salt, and pepper.", "Pack integeregero a loaf pan.", "Place bacon strips on top.", "Bake at 375 for 60 min.", "Optionally, put a can of beef gravy over top & place potatoes, carrots & onions around the meat.", "Bake until vegetables are done."]','2024-02-17 03:23:49','cc417f16-7861-483f-b22b-4fcad9adca7b','null','null','2024-02-27 00:25:27','[{"name": "lean hamburger", "unit": "lb", "amount": "2"}, {"name": "bread crumbs or oats", "unit": "whole", "amount": "3"}, {"name": "eggs", "unit": "whole", "amount": "2"}, {"name": "chopped onion", "unit": "c", "amount": "1"}, {"name": "onion powder", "unit": "tsp", "amount": "1"}, {"name": "garlic powder", "unit": "tsp", "amount": "1"}, {"name": "salt", "unit": "tsp", "amount": "1"}, {"name": "pepper", "unit": "tsp", "amount": "1"}, {"name": "parsley flakes", "unit": "tbsp", "amount": "1"}, {"name": "catsup", "unit": "c", "amount": "1"}, {"name": "mayonnaise", "unit": "c", "amount": "1"}, {"name": "chopped green pepper", "unit": "c", "amount": "0.5"}]',FALSE,0),
(22,'Pork Roast, Grilled','Grilled pork roast glazed with a sweet and tangy sauce.','00:10:00','02:00:00','4','medium','["Prepare the grill for the pork roast.", "Mix baby food peaches, brown sugar, cider vinegar, ginger, catsup, garlic powder, and soy sauce.", "Bring all ingredients except pork roast to a boil.", "Use mixture to baste roast."]','2024-02-17 03:23:49','cc417f16-7861-483f-b22b-4fcad9adca7b','null','null','2024-02-27 00:25:27','[{"name": "pork roast", "unit": "lb", "amount": "6"}, {"name": "baby food, peaches", "unit": "jar", "amount": "1"}, {"name": "brown sugar", "unit": "c", "amount": "0.5"}, {"name": "cider vinegar", "unit": "c", "amount": "0.5"}, {"name": "ginger", "unit": "tsp", "amount": "1"}, {"name": "catsup", "unit": "c", "amount": "1"}, {"name": "garlic powder", "unit": "tbsp", "amount": "1"}, {"name": "soy sauce", "unit": "tbsp", "amount": "1"}]',FALSE,0),
(23,'Venison Beer Stew','A hearty stew with venison and vegetables, simmered in beer for a rich flavor.','00:15:00','01:30:00','4','medium','["Crumble bacon, set aside. Coat venison with flour.", "Brown bacon drippings, drain off fat. Add undrained tomatoes, beer, onion, bouillon, sugar, thyme, black & red peppers. Bring to boil, reduce heat, cover, simmer 1 1/2 hours.", "Add carrots, turnip, celery, cover, simmer 30 min more. Stir in frozen peas. Cook 5 min. Stir in bacon.", "Spoon integeregero serving bowls. Serve with crackers."]','2024-02-17 03:23:49','cc417f16-7861-483f-b22b-4fcad9adca7b','null','null','2024-02-27 00:25:27','[{"name": "slices bacon", "unit": "whole", "amount": "4"}, {"name": "boneless venison, cubed", "unit": "lb", "amount": "2"}, {"name": "flour", "unit": "cup", "amount": "1.25"}, {"name": "can tomatoes", "unit": "oz", "amount": "16"}, {"name": "beer", "unit": "l", "amount": "1"}, {"name": "medium onion", "unit": "whole", "amount": "1"}, {"name": "instant beef bouillon", "unit": "tbsp", "amount": "2"}, {"name": "sugar", "unit": "tsp", "amount": "1"}, {"name": "dried thyme", "unit": "tsp", "amount": "1"}, {"name": "black pepper", "unit": "tsp", "amount": "0.25"}, {"name": "ground red pepper", "unit": "tsp", "amount": "1.5"}, {"name": "medium carrots cut 1'' pieces", "unit": "whole", "amount": "3"}, {"name": "small turnip, wedged", "unit": "whole", "amount": "2"}, {"name": "celery, 1'' pieces", "unit": "stalk", "amount": "1"}, {"name": "frozen peas", "unit": "cup", "amount": "1"}]',FALSE,0),
(24,'4 Hour Beef Stew','A classic beef stew, slow-cooked with vegetables and thickened with tapioca.','00:15:00','04:00:00','6','easy','["Put meat & vegetables in pan.", "Mix salt, sugar & tapioca integeregero tomato sauce.", "Pour over meat & vegetables.", "Cover, bake at 250 degrees for 4 hours."]','2024-02-17 03:23:50','cc417f16-7861-483f-b22b-4fcad9adca7b','null','null','2024-02-27 00:25:27','[{"name": "beef stew meat, cubed", "unit": "lb", "amount": "2"}, {"name": "medium onion, sliced", "unit": "whole", "amount": "1"}, {"name": "celery", "unit": "stalk", "amount": "1"}, {"name": "carrots, chunked", "unit": "whole", "amount": "6"}, {"name": "tomato sauce", "unit": "cup", "amount": "3"}, {"name": "salt", "unit": "tsp", "amount": "2"}, {"name": "sugar", "unit": "Tbsp", "amount": "1"}, {"name": "tapioca", "unit": "Tbsp", "amount": "2"}]',FALSE,0),
(25,'Country Style Veal Roast','A savory veal roast with carrots and onion, flavored with marjoram and mushroom soup, perfect for a homely dinner.','00:15:00','02:30:00','6','medium','["Put roast to one side in pan, add carrots, onion.", "Cook 5 min, skim off fat. Add water, undiluted soup, salt, pepper, marjoram & bay leaf, bring to boil.", "Stirring constantly, reduce heat to low, cover & simmer 2 1/2 to 3 hours until meat is fork tender.", "To serve, place meat on warm platter, discard bay leaf. Pour pan liquid integeregero gravy boat."]','2024-02-17 03:23:50','cc417f16-7861-483f-b22b-4fcad9adca7b','null','null','2024-02-27 00:25:27','[{"name": "veal roast, boneless", "unit": "lb", "amount": "3"}, {"name": "medium carrots, diced", "unit": "whole", "amount": "3"}, {"name": "medium onion, chopped", "unit": "whole", "amount": "1"}, {"name": "water", "unit": "cup", "amount": "2.75"}, {"name": "cream of mushroom soup", "unit": "can", "amount": "1"}, {"name": "salt", "unit": "tsp", "amount": "1"}, {"name": "pepper", "unit": "tsp", "amount": "0.25"}, {"name": "marjoram", "unit": "tbsp", "amount": "0.25"}, {"name": "bay leaf", "unit": "whole", "amount": "1"}]',FALSE,0),
(26,'Venison Stroganoff','A delicious twist on the classic stroganoff, featuring venison and a rich, creamy mushroom sauce, served over noodles.','00:15:00','00:45:00','4','medium','["Saute chopped onion in olive oil, add minced garlic to taste.", "Add meat & brown. Add remaining ingredients except sour cream. Cover, simmer 30 min until meat is tender.", "Stir in sour cream. Serve over cooked noodles."]','2024-02-17 03:23:50','cc417f16-7861-483f-b22b-4fcad9adca7b','null','null','2024-02-27 00:25:27','[{"name": "olive oil", "unit": "tbsp", "amount": "1"}, {"name": "chopped onion, to taste", "unit": "whole", "amount": "1"}, {"name": "minced garlic, to taste", "unit": "clove", "amount": "1"}, {"name": "deer tenderloin, in 1\" cubes", "unit": "lb", "amount": "1"}, {"name": "butter or margarine", "unit": "cup", "amount": "0.5"}, {"name": "onion soup mix", "unit": "package", "amount": "1"}, {"name": "sour cream", "unit": "pt", "amount": "1"}, {"name": "cream of mushroom soup", "unit": "can", "amount": "2"}, {"name": "cooked noodles", "unit": "lb", "amount": "1"}]',FALSE,0),
(27,'Chicken & Shrimp Jambalaya','A flavorful jambalaya with chicken, shrimp, and ham, mixed with rice and spiced with thyme, cayenne, and parsley.','00:15:00','01:00:00','6','medium','["Heat butter in large heavy skillet. Brown chicken, a few pieces at a time, transfer to casserole.", "Add onion & garlic to skillet, saute over medium heat, stirring frequently, 3 to 5 min. Add rice, cook, stirring until rice is opaque but not brown, about 5 min.", "Stir in tomatoes, broth, parsley, salt, thyme, & cayenne. Heat just to boil, pour over chicken. Cover, bake at 325 degrees for 30 min.", "Stir gently to blend rice & chicken; add peppers, shrimp, & ham. Cover, bake 30 to 40 min, stirring once or twice until chicken is tender. Garnish with parsley when serving, if desired."]','2024-02-17 03:23:50','cc417f16-7861-483f-b22b-4fcad9adca7b','null','null','2024-02-27 00:25:27','[{"name": "butter or margarine", "unit": "tbsp", "amount": "2"}, {"name": "large onion, chopped", "unit": "whole", "amount": "1"}, {"name": "regular rice", "unit": "cup", "amount": "1.5"}, {"name": "whole tomatoes", "unit": "oz", "amount": "28"}, {"name": "chicken broth", "unit": "oz", "amount": "13.75"}, {"name": "small green peppers, strips", "unit": "whole", "amount": "2"}, {"name": "small fresh or frozen shrimp, shelled, deveined", "unit": "lb", "amount": "0.5"}, {"name": "chicken, cut up", "unit": "whole", "amount": "1"}, {"name": "garlic, minced", "unit": "clove", "amount": "1"}, {"name": "thyme", "unit": "tsp", "amount": "0.75"}, {"name": "chopped parsley", "unit": "tbsp", "amount": "2"}, {"name": "cayenne pepper", "unit": "tsp", "amount": "0.5"}, {"name": "bottled sauce", "unit": "tbsp", "amount": "1"}, {"name": "ham, cubed", "unit": "lb", "amount": "0.5"}]',FALSE,0),
(28,'Sauerkraut-Kielbasa Oven Dinner','A baked dish featuring sauerkraut and kielbasa with apples, onions, and potatoes, seasoned with a chicken gravy mix and caraway seeds.','00:15:00','01:00:00','8','easy','["Spoon sauerkraut integeregero oven cooking bag, top with kielbasa, apples, potatoes & onions.", "In a small bowl, combine gravy mix, water & caraway seeds; pour over ingredients in bag.", "Close bag with twist tie to contain entire bag, make 4 small holes along top of bag with scissors or fork.", "Bake at 375 degrees for 1 1/2 hours. Carefully lift bag onto large platter or serving dish; cut on corner or edge of bag & empty contents onto platter."]','2024-02-17 03:23:50','cc417f16-7861-483f-b22b-4fcad9adca7b','null','null','2024-02-27 00:25:28','[{"name": "sauerkraut", "unit": "lb", "amount": "2"}, {"name": "kielbasa, serving size pieces", "unit": "lb", "amount": "2.5"}, {"name": "apples, unpared, quartered", "unit": "whole", "amount": "4"}, {"name": "medium onions, peeled, quartered", "unit": "whole", "amount": "2"}, {"name": "potatoes, peeled, quartered", "unit": "whole", "amount": "4"}, {"name": "chicken seasoned gravy mix", "unit": "package", "amount": "1"}, {"name": "caraway seeds", "unit": "tbsp", "amount": "1"}]',FALSE,0),
(29,'Old English Ragout','A hearty beef stew with onions, carrots, eggplant, and beer, thickened with a pot roast seasoned gravy mix.','00:15:00','01:30:00','6','medium','["Put meat & vegetables integeregero oven cooking bag.", "In a small bowl, combine gravy mix & beer, pour over ingredients in bag.", "Close bag with twist tie, make 4 small holes in top of bag.", "Bake 375 degrees for 1 1/2 hours."]','2024-02-17 03:23:50','cc417f16-7861-483f-b22b-4fcad9adca7b','null','null','2024-02-27 00:25:28','[{"name": "beef stew meat", "unit": "lb", "amount": "2"}, {"name": "small white onions, peeled", "unit": "whole", "amount": "12"}, {"name": "carrots, 1'' slices", "unit": "whole", "amount": "2"}, {"name": "eggplant, 1 1/2'' chunks", "unit": "medium", "amount": "1"}, {"name": "beer", "unit": "can", "amount": "1"}, {"name": "pot roast seasoned gravy mix", "unit": "package", "amount": "1"}]',FALSE,0),
(30,'Christmas Morning Italian Strata','An Italian-inspired layered casserole with sausage, mushrooms, cheese, and bread, perfect for a holiday breakfast or brunch.','00:30:00','01:00:00','12','medium','["Grease baking dish, cook pork sausage meat in skillet over medium heat until thoroughly cooked and no longer pink. Using slotted spoon, remove sausage to paper towels to drain.", "Cut French bread integeregero 1/2\" cubes. Drain & chop mushrooms.", "In baking dish, combine sausage, bread cubes & mushrooms.", "Whisk together eggs, milk, Italian seasoning, garlic powder, & pepper. Pour egg mixture over sausage mixture. Cover with plastic wrap & refrigerate overnight.", "Preheat oven to 350°F. Bake strata, uncovered, for 1 hour. Remove from oven & sprinkle evenly with mozzarella & Cheddar cheeses. Bake 15 min longer or until knife inserted in center comes out clean.", "Remove from oven; let stand 10 min. Garnish with chopped parsley."]','2024-02-17 03:23:50','cc417f16-7861-483f-b22b-4fcad9adca7b','null','null','2024-02-27 00:25:28','[{"name": "pork sausage meat", "unit": "lb", "amount": "1.5"}, {"name": "loaf French bread", "unit": "oz", "amount": "12"}, {"name": "cans mushrooms", "unit": "oz", "amount": "4"}, {"name": "large eggs", "unit": "whole", "amount": "6"}, {"name": "milk", "unit": "qt", "amount": "1"}, {"name": "Italian seasoning", "unit": "tsp", "amount": "2"}, {"name": "garlic powder (optional)", "unit": "tsp", "amount": "2"}, {"name": "pepper", "unit": "tsp", "amount": "1.25"}, {"name": "shredded mozzarella cheese", "unit": "oz", "amount": "8"}, {"name": "shredded Cheddar cheese", "unit": "oz", "amount": "4"}, {"name": "chopped parsley for garnish", "unit": "tbsp", "amount": "1"}]',FALSE,0),
(31,'Baked Beans','A classic baked beans recipe with ground beef, bacon, and a sweet and savory sauce.','00:15:00','01:00:00','8','easy','["Brown beef & drain, mix with beans & ketchup.", "Cook on low heat 15 min. Add other ingredients, bake 1 hour at 375 degrees."]','2024-02-17 03:23:50','cc417f16-7861-483f-b22b-4fcad9adca7b','null','null','2024-02-27 00:25:28','[{"name": "pork & beans", "unit": "can", "amount": "2"}, {"name": "ketchup", "unit": "can", "amount": "1"}, {"name": "ground beef", "unit": "lb", "amount": "1"}, {"name": "large onion, chopped", "unit": "whole", "amount": "1"}, {"name": "bacon, fried, diced", "unit": "lb", "amount": "1"}, {"name": "brown sugar", "unit": "cup", "amount": "0.33"}]',FALSE,0),
(32,'Sauerkraut Noodle Dish','A hearty dish of sauerkraut and noodles, enriched with bacon, mushrooms, and onions.','00:15:00','01:00:00','6','medium','["Fry bacon, set aside. In bacon grease, saute chopped onions.", "Add sauerkraut and fry until tender, about 1 hr, adding a little water if necessary.", "Saute mushrooms in butter and add to cooked kraut.", "Cook and drain kluski noodles and add to cooked sauerkraut."]','2024-02-17 03:23:50','cc417f16-7861-483f-b22b-4fcad9adca7b','null','null','2024-02-27 00:25:28','[{"name": "bacon, diced, fried", "unit": "lb", "amount": "0.5"}, {"name": "sauerkraut, drained", "unit": "qt", "amount": "1"}, {"name": "kluski noodles", "unit": "pkg", "amount": "1"}, {"name": "medium onions", "unit": "whole", "amount": "3"}, {"name": "mushrooms, sliced", "unit": "lb", "amount": "0.5"}, {"name": "butter", "unit": "stick", "amount": "1"}]',FALSE,0),
(33,'Marquette Vegetable Salad','A refreshing vegetable salad with a creamy dill dressing, topped with olives and hard-boiled eggs.','00:15:00','00:00:00','6','easy','["Mix sour cream, mayo, dill, parsley flakes, seasoned salt, and onion salt for dressing.", "Pour dressing over cauliflower, cherry tomatoes, sliced red onion, black olives, broccoli, and sliced hard boiled eggs."]','2024-02-17 03:23:51','cc417f16-7861-483f-b22b-4fcad9adca7b','null','null','2024-02-27 00:25:28','[{"name": "sour cream", "unit": "oz", "amount": "8"}, {"name": "mayo", "unit": "cup", "amount": "1"}, {"name": "dill", "unit": "tsp", "amount": "0.5"}, {"name": "parsley flakes", "unit": "tsp", "amount": "0.5"}, {"name": "seasoned salt", "unit": "tsp", "amount": "0.5"}, {"name": "onion salt", "unit": "tsp", "amount": "0.5"}, {"name": "medium head cauliflower", "unit": "whole", "amount": "1"}, {"name": "cherry tomatoes", "unit": "pintegereger", "amount": "1"}, {"name": "sliced red onion", "unit": "cup", "amount": "1"}, {"name": "sliced black olives", "unit": "cup", "amount": "1"}, {"name": "broccoli", "unit": "cup", "amount": "1"}, {"name": "sliced hard boiled eggs", "unit": "whole", "amount": "1"}]',FALSE,0),
(34,'5-Layer Macaroni Pile-Up','A layered macaroni dish with cheese, vegetables, and bacon, served with a tangy salad dressing.','00:20:00','00:00:00','8','easy','["Prepare dinner as directed on package of macaroni.", "Combine salad dressing, onions, mustard. Mix well. Add to macaroni.", "In 12 x 8 baking dish, layer half of macaroni mixture, lettuce, tomatoes, and peas.", "Cover with remaining macaroni mixture. Press mixture to edges to seal.", "Cover, refrigerate several hours or overnight.", "Top with crumbled bacon just before serving."]','2024-02-17 03:23:51','cc417f16-7861-483f-b22b-4fcad9adca7b','null','null','2024-02-27 00:25:28','[{"name": "macaroni & cheese dinner", "unit": "oz", "amount": "7.25"}, {"name": "white salad dressing", "unit": "cup", "amount": "1"}, {"name": "chopped tomatoes", "unit": "cup", "amount": "1.5"}, {"name": "crisply cooked bacon slices, crumbled", "unit": "whole", "amount": "4"}, {"name": "chopped onion", "unit": "cup", "amount": "0.25"}, {"name": "mustard", "unit": "tbsp", "amount": "1"}, {"name": "shredded lettuce", "unit": "cup", "amount": "2"}, {"name": "frozen peas, thawed, drained", "unit": "cup", "amount": "1"}]',FALSE,0),
(36,'Michael''s Test PB & J','Testing things out ','00:03:00','00:00:00','','easy','["Spread PB on both slices of bread", "Spread jelly on one of the slices", "Smush the slices together", "Enjoy :)"]','2024-03-02 17:45:33','4c76b2f5-033e-4156-b143-447f12dc7f41',NULL,NULL,'2024-03-02 19:19:13','[{"id": 0, "name": "Wheat bread", "note": "", "unit": "Slice", "amount": "2"}, {"id": 1, "name": "Smooth Peanut Butter", "note": "", "unit": "Tablespoon", "amount": "2"}, {"id": 2, "name": "strawberry jelly", "note": "", "unit": "Tablespoon", "amount": "1"}, {"id": 3, "name": "ham", "note": "", "unit": "Piece", "amount": "1"}, {"id": 4, "name": "American Cheese", "note": "", "unit": "Slice", "amount": "3"}, {"id": 5, "name": "spaghetti", "note": "", "unit": "Ounce", "amount": "100"}]',FALSE,0),
(37,'','','00:00:00','00:00:00','','easy','[""]','2024-03-03 19:34:50','4c76b2f5-033e-4156-b143-447f12dc7f41','null','null','2024-03-03 19:34:50','[{"id": 0, "name": "", "note": "", "unit": "Cup", "amount": ""}]',FALSE,0),
(38,'','','00:00:00','00:00:00','','easy','[""]','2024-03-03 19:34:55','4c76b2f5-033e-4156-b143-447f12dc7f41','null','null','2024-03-03 19:34:55','[{"id": 0, "name": "", "note": "", "unit": "", "amount": ""}]',FALSE,0),
(39,'','','00:00:00','00:00:00','','easy','[""]','2024-03-03 19:38:19','4c76b2f5-033e-4156-b143-447f12dc7f41','null','null','2024-03-03 19:38:19','[{"id": 0, "name": "", "note": "", "unit": "", "amount": ""}]',FALSE,0),
(40,'','','00:00:00','00:00:00','','easy','[""]','2024-03-03 19:40:04','4c76b2f5-033e-4156-b143-447f12dc7f41','null','null','2024-03-03 19:40:04','[{"id": 0, "name": "", "note": "", "unit": "", "amount": ""}]',FALSE,0),
(41,'test chicken -- michael',':) ','00:00:00','00:00:00','','easy','["cook the chicken"]','2024-03-03 20:03:06','4c76b2f5-033e-4156-b143-447f12dc7f41','null','null','2024-03-03 20:03:06','[{"id": 0, "name": "", "note": "", "unit": "Tablespoon", "amount": "1"}, {"id": 1, "name": "", "note": "", "unit": "", "amount": ""}]',FALSE,0),
(42,'girl idk wtf abiyuch is but we''re serving it raw -- TEST','','00:00:00','00:00:00','','easy','[""]','2024-03-06 02:45:50','4c76b2f5-033e-4156-b143-447f12dc7f41','null','null','2024-03-06 02:45:50','[{"id": 0, "name": "abiyuch, raw", "note": "", "unit": "Tablespoon", "amount": "12"}, {"id": 1, "name": "", "note": "", "unit": "", "amount": ""}]',FALSE,0),
(43,'','','00:00:00','00:00:00','','easy','[""]','2024-03-11 01:02:07','2af48327-e256-48c0-8283-d24a46bfb70a',NULL,NULL,'2024-03-13 00:09:24','[{"id": 1, "name": "shallots", "note": "", "unit": "", "amount": "", "db_name": "Garlic, raw", "db_uuid": "8de1cac0-3bb7-4680-bd65-f1d3a16a9389"}]',FALSE,0);
INSERT INTO "reviews"("id","user_id","recipe_id","rating","text","posted_at","updated_at") VALUES
(5,'2af48327-e256-48c0-8283-d24a46bfb70a','3',4,'Love this pesto, so good on a chicken sando!','2024-03-05 06:58:30','2024-03-05 06:58:30'),
(6,'2af48327-e256-48c0-8283-d24a46bfb70a','5',4,'I love chicken wings, and these are great!','2024-03-05 07:06:43','2024-03-05 07:06:43');
INSERT INTO "saved_recipes"("id","recipe_id","user_id","saved_at") VALUES
(1,2,'2af48327-e256-48c0-8283-d24a46bfb70a','2024-03-03 22:12:04'),
(2,3,'2af48327-e256-48c0-8283-d24a46bfb70a','2024-03-04 15:13:32'),
(3,5,'2af48327-e256-48c0-8283-d24a46bfb70a','2024-03-05 07:06:51');
INSERT INTO "session"("sessionToken","userId","expires") VALUES
('03a01205-6cb5-4343-b5a9-a36900ce4ad7','4c76b2f5-033e-4156-b143-447f12dc7f41','2024-03-28 04:10:00'),
('091bab5a-d461-4bd3-9e71-2c3a984f3905','2af48327-e256-48c0-8283-d24a46bfb70a','2024-03-20 04:01:56'),
('3277eb50-93a0-4cbc-a072-89bfd1358aa8','2af48327-e256-48c0-8283-d24a46bfb70a','2024-04-16 02:15:06'),
('4513f076-276a-42bc-a60d-41a24019b87f','4c76b2f5-033e-4156-b143-447f12dc7f41','2024-03-28 04:11:40'),
('58975c7c-1fb6-4bc2-ae7f-310de4ddcc39','2af48327-e256-48c0-8283-d24a46bfb70a','2024-03-17 02:30:41'),
('5a171b13-9459-4238-8f6a-7780e5d1adcb','4c76b2f5-033e-4156-b143-447f12dc7f41','2024-03-29 03:06:37'),
('7a59cf21-45bc-4a8e-8fb8-512b4326a501','2af48327-e256-48c0-8283-d24a46bfb70a','2024-04-07 00:27:37'),
('8a9c676e-d960-44e8-bf95-481e984ae722','4c76b2f5-033e-4156-b143-447f12dc7f41','2024-04-06 02:36:12'),
('b532d684-35de-4393-bb16-ccbd1f5a68b1','4c76b2f5-033e-4156-b143-447f12dc7f41','2024-03-25 18:56:02'),
('ba8d3513-d827-4d05-a5f2-de1acdc0453f','4c76b2f5-033e-4156-b143-447f12dc7f41','2024-04-08 19:34:09'),
('bd6d83d4-8a09-48b4-a4ad-dc320b4e4196','d03709c5-9b6e-4bf5-b570-fe94feb1ce31','2024-04-13 23:46:35'),
('c5ba6715-4ecd-4e97-8532-14655fdf059e','4c76b2f5-033e-4156-b143-447f12dc7f41','2024-03-26 23:28:04'),
('ca4feccc-ca3e-4c5d-92e8-bc84844c1a66','2af48327-e256-48c0-8283-d24a46bfb70a','2024-04-16 07:53:26');
INSERT INTO "user"("id","name","email","emailVerified","image","created_at","updated_at","role") VALUES
('2af48327-e256-48c0-8283-d24a46bfb70a','Gavin Jakubik','gavito8800@gmail.com',NULL,'https://utfs.io/f/0db1a0a1-bc9a-4fda-9847-65c4320eab7f-h64xhb.png','2024-02-10 07:39:56','2024-03-02 00:00:41','admin'),
('4c76b2f5-033e-4156-b143-447f12dc7f41','Michael Lee','michaeldlee3@gmail.com',NULL,'https://lh3.googleusercontent.com/a/ACg8ocKhspzcVpX1trAPgoONkpehny50uZ6TK3HjuB2Gm_81=s96-c','2024-02-24 18:48:53','2024-02-24 18:59:23','admin'),
('cc417f16-7861-483f-b22b-4fcad9adca7b','Gavin Jakubik','gavin.jakubik@gmail.com',NULL,'https://lh3.googleusercontent.com/a/ACg8ocLqAWZFJtXJg5CReaRcYAJqzgpCBG7sreVE3fQu13VgFOY=s96-c','2024-02-14 02:18:32','2024-02-14 02:18:32','basic'),
('d03709c5-9b6e-4bf5-b570-fe94feb1ce31','Sara','atassisara@gmail.com',NULL,'https://lh3.googleusercontent.com/a/ACg8ocL3pqLzsN3oBBrQtHZCoHs5W_gzCamKQvivM3q8OR4Xdyc=s96-c','2024-03-04 15:16:23','2024-03-04 15:16:23','basic');
