INSERT INTO "account"("userId","type","provider","providerAccountId","access_token","expires_at","id_token","refresh_token","scope","token_type","created_at","updated_at","session_state") VALUES
('339263e3-82d2-480d-a7c0-d70858fc2ccb','oauth','google','103082661381540307283','ya29.a0AfB_byBetLyab4Z_ws4KlEjhslXP1Kmu_IzKdKWiELVlTEH1PwDDgY5ScQPmqElFv6qj13gt6GGivuj6W6yePkBXl-JkFRwqLqYaemb0PeT31ZbiRdq1yvyGCn8cxzp2FRZXayQsVl6kB34W6k3lwcei2aiJHxXMM_UeaCgYKAYQSARISFQHGX2MiUeeU8JREAauFxseKFd9JrQ0171',1707754856,'eyJhbGciOiJSUzI1NiIsImtpZCI6ImVkODA2ZjE4NDJiNTg4MDU0YjE4YjY2OWRkMWEwOWE0ZjM2N2FmYzQiLCJ0eXAiOiJKV1QifQ.eyJpc3MiOiJodHRwczovL2FjY291bnRzLmdvb2dsZS5jb20iLCJhenAiOiI5NDUwMzMyMDM4OTctMGdjYTJkcTJ1bjJqMm9wbjBtNGhwZ252aHB0aG4zaGMuYXBwcy5nb29nbGV1c2VyY29udGVudC5jb20iLCJhdWQiOiI5NDUwMzMyMDM4OTctMGdjYTJkcTJ1bjJqMm9wbjBtNGhwZ252aHB0aG4zaGMuYXBwcy5nb29nbGV1c2VyY29udGVudC5jb20iLCJzdWIiOiIxMDMwODI2NjEzODE1NDAzMDcyODMiLCJlbWFpbCI6Im1pdGhhcmFrYWxAZ21haWwuY29tIiwiZW1haWxfdmVyaWZpZWQiOnRydWUsImF0X2hhc2giOiI5U2Q1Q3piRXpEeEU5OFhSYnZ2RXVBIiwibmFtZSI6Ik1pdGhhcmEgS2FsdWFyYWNoY2hpIiwicGljdHVyZSI6Imh0dHBzOi8vbGgzLmdvb2dsZXVzZXJjb250ZW50LmNvbS9hL0FDZzhvY0w4Y01qWGJJbmVTTzJzWjZKTzNWYk5PSENtWVdvRktsMjlXQVRpUGFLWT1zOTYtYyIsImdpdmVuX25hbWUiOiJNaXRoYXJhIiwiZmFtaWx5X25hbWUiOiJLYWx1YXJhY2hjaGkiLCJsb2NhbGUiOiJlbiIsImlhdCI6MTcwNzc1MTI1NywiZXhwIjoxNzA3NzU0ODU3fQ.BAgtGnOUjHB2VFxDc4ShOyqRT-U9pF-M8vhGFfZp4fqqaTM_WdASXltUVQXGSX-9PKJSKwFqoOMIR9ajqmdH8mMt0Fk_j9NKU4Nd5BvEzF2HmM1NW2IWu9jurSBtflk6fPGAVPtUYLqx_fIDpmPKwBNn_Jfoo6dVfa-9VLPVOwfmyAb9dgOEbPQuO1IAz_HrsMmALKNs2ucEutR30x7Q6_mNr6ryWaRAIcNAxENjltfgnxMtjstWr4Uo8udB32QA70_yS7_Zdn7eUeeUXH_e6fx9Vm8mTbvpit_KLCFaXtNLBYDfYcorVRcO5nafK9T34_qKSdOlVpbnmpHKJzq7VA',NULL,'https://www.googleapis.com/auth/userinfo.email https://www.googleapis.com/auth/userinfo.profile openid','Bearer','2024-02-12 15:20:58','2024-02-12 15:20:58',NULL),
('b6f32b03-9d03-4ff9-8c06-08932e3d7940','oauth','google','110314510556968736078','ya29.a0AfB_byB0ZQUmwoyUExMO_WCUUJvcxrAhJlcCF4U-m4JZcm5d-fr7uVDQT2obtMp-hbPudh5uTqRWMc9RyOys1iGMQVUUGiyi9_epEJtQuDGkJkHOq1B9nkBW3I-NHKTi29cGDEarmSmtvu1USH-uDJOjJGDgnmCktjO7aCgYKAcgSARISFQHGX2MiMRoMQVh-tX7XUoZuV08jtQ0171',1703201161,'eyJhbGciOiJSUzI1NiIsImtpZCI6IjliMDI4NWMzMWJmZDhiMDQwZTAzMTU3YjE5YzRlOTYwYmRjMTBjNmYiLCJ0eXAiOiJKV1QifQ.eyJpc3MiOiJodHRwczovL2FjY291bnRzLmdvb2dsZS5jb20iLCJhenAiOiI5NDUwMzMyMDM4OTctMGdjYTJkcTJ1bjJqMm9wbjBtNGhwZ252aHB0aG4zaGMuYXBwcy5nb29nbGV1c2VyY29udGVudC5jb20iLCJhdWQiOiI5NDUwMzMyMDM4OTctMGdjYTJkcTJ1bjJqMm9wbjBtNGhwZ252aHB0aG4zaGMuYXBwcy5nb29nbGV1c2VyY29udGVudC5jb20iLCJzdWIiOiIxMTAzMTQ1MTA1NTY5Njg3MzYwNzgiLCJlbWFpbCI6ImF0YXNzaXNhcmFAZ21haWwuY29tIiwiZW1haWxfdmVyaWZpZWQiOnRydWUsImF0X2hhc2giOiJXOFdjTDA0REl1UzlLM1B5VUYtZFBBIiwibmFtZSI6IlNhcmEgQXRhc3NpIiwicGljdHVyZSI6Imh0dHBzOi8vbGgzLmdvb2dsZXVzZXJjb250ZW50LmNvbS9hL0FDZzhvY0xWRGd4aXNUODhDRnRLd3J2UVBqdzFNakNWdTdrZFNUaDBQNVZEYVcxYz1zOTYtYyIsImdpdmVuX25hbWUiOiJTYXJhIiwiZmFtaWx5X25hbWUiOiJBdGFzc2kiLCJsb2NhbGUiOiJlbiIsImlhdCI6MTcwMzE5NzU2MiwiZXhwIjoxNzAzMjAxMTYyfQ.LIcmE_fzsQAfQsJeKMz0VJe3WOw8ctzzUlj8L0AU6BdglHn7rUUUrrGNlx2OSYW2loPvTHYiJzVOmO40BpCDrKmb8EtXt1l8yyVZwheHyRXPpqsSLGSkVskXrjkGFKCWvQIi5UzR5sBLYtuYWL5xOmEz9yQEqxK18KXFPElh41ab2FsQ7Lbv4k-mx2sOuJL4GakHM7ilmVra41TPYIEO-cVS3z0J3gKs-mF2mQD30uYPr3FCwcmsV9BmvS-5m9VV4EEvKH7tDQrXtGTjyG74npROhpVzQoGjOLUrhfTLW3BqU_ZcMnyRMZZ8-yPRBO1s7f-SQdyHKSymAfd-rgVK2g',NULL,'https://www.googleapis.com/auth/userinfo.profile openid https://www.googleapis.com/auth/userinfo.email','Bearer','2023-12-21 22:26:03','2023-12-21 22:26:03',NULL),
('28517b82-9eda-4e1f-9a8f-34e0d917e232','oauth','google','114666475641090427311','ya29.a0AfB_byB4i5pSq1hayGQ6iSItr8NTgPUnNYox6gIzFY_TL_sxNbaP9Z57lFLRWZUT7RU4XHrgVkJgUvb92ezsLxWIBuwYgBy-luz70zouhe0COJQmsmgRIiVlH69rOnSdBEECzqa4qXROHp3GbQI3BOwbVwCrMLzGSlH7aCgYKAaESARESFQHGX2MiujzEwE4QcsQ44m6j4qnBVw0171',1707186261,'eyJhbGciOiJSUzI1NiIsImtpZCI6ImJkYzRlMTA5ODE1ZjQ2OTQ2MGU2M2QzNGNkNjg0MjE1MTQ4ZDdiNTkiLCJ0eXAiOiJKV1QifQ.eyJpc3MiOiJodHRwczovL2FjY291bnRzLmdvb2dsZS5jb20iLCJhenAiOiI5NDUwMzMyMDM4OTctMGdjYTJkcTJ1bjJqMm9wbjBtNGhwZ252aHB0aG4zaGMuYXBwcy5nb29nbGV1c2VyY29udGVudC5jb20iLCJhdWQiOiI5NDUwMzMyMDM4OTctMGdjYTJkcTJ1bjJqMm9wbjBtNGhwZ252aHB0aG4zaGMuYXBwcy5nb29nbGV1c2VyY29udGVudC5jb20iLCJzdWIiOiIxMTQ2NjY0NzU2NDEwOTA0MjczMTEiLCJlbWFpbCI6Im1pY2hhZWxkbGVlM0BnbWFpbC5jb20iLCJlbWFpbF92ZXJpZmllZCI6dHJ1ZSwiYXRfaGFzaCI6Ik9YaW9ET3VsY1ZXWkt0UGxjd3BBTEEiLCJuYW1lIjoiTWljaGFlbCBMZWUiLCJwaWN0dXJlIjoiaHR0cHM6Ly9saDMuZ29vZ2xldXNlcmNvbnRlbnQuY29tL2EvQUNnOG9jS2hzcHpjVnBYMXRyQVBnb09Oa3BlaG55NTB1WjZUSzNIanVCMkdtXzgxPXM5Ni1jIiwiZ2l2ZW5fbmFtZSI6Ik1pY2hhZWwiLCJmYW1pbHlfbmFtZSI6IkxlZSIsImxvY2FsZSI6ImVuIiwiaWF0IjoxNzA3MTgyNjYyLCJleHAiOjE3MDcxODYyNjJ9.qE2H9NMxLyPVR8cnnH6nawNb3-cMXIEkBdKQA3fsL3WmRQIZmSZ28m6Orp8TDaFF1r5EYT5QEsh2RhjwJAwYlkWv1uRuxe3eDcmOmp3MmtNd2P4_NCz7bnOJnSx68pfvkQnEzjQPRiErH-fAYKNVPXNm6-fYpC6yJLqbebPhpBujnLJ9ovlI7sPcLyXWFoTOhfVrJjDwUIWl4loQp9Dp7G0-w9SV3BV3fH-Uw_M5KxQblCnAqH6VdAefbGt-MVWTjTKotADCt2y1naaOhEgsvEVgSEswd8H4ANfVpmZLsC-qi8kg4oZEGAduQqf6B6ZSNXaRTORTwAn_rOsCOYAq2A',NULL,'openid https://www.googleapis.com/auth/userinfo.email https://www.googleapis.com/auth/userinfo.profile','Bearer','2024-02-06 01:24:22','2024-02-06 01:24:22',NULL),
('ca49ccb4-7cf0-4477-8f3f-90371e737b38','oauth','google','115373935334530085044','ya29.a0AfB_byDoIyqUF0XmM4ohAv-2zmU42iqQoBxI6tQZyaDOSHfyTVFzzO41fiJFzyVdo5q_SGftQIjUoq0ZS6IOH3hR-CPNHLTgiwr92QnfSO8lKHktbNVta0PSdMOYlElfMUn600ffEXbfn5LzOaPiv4lEUNQOAfYwCvjIaCgYKAfISARMSFQGOcNnCB9BTwh_XAany-2gPwYmzcA0171',1697188713,'eyJhbGciOiJSUzI1NiIsImtpZCI6ImM2MjYzZDA5NzQ1YjUwMzJlNTdmYTZlMWQwNDFiNzdhNTQwNjZkYmQiLCJ0eXAiOiJKV1QifQ.eyJpc3MiOiJodHRwczovL2FjY291bnRzLmdvb2dsZS5jb20iLCJhenAiOiI5NDUwMzMyMDM4OTctMGdjYTJkcTJ1bjJqMm9wbjBtNGhwZ252aHB0aG4zaGMuYXBwcy5nb29nbGV1c2VyY29udGVudC5jb20iLCJhdWQiOiI5NDUwMzMyMDM4OTctMGdjYTJkcTJ1bjJqMm9wbjBtNGhwZ252aHB0aG4zaGMuYXBwcy5nb29nbGV1c2VyY29udGVudC5jb20iLCJzdWIiOiIxMTUzNzM5MzUzMzQ1MzAwODUwNDQiLCJlbWFpbCI6Imdhdml0bzg4MDBAZ21haWwuY29tIiwiZW1haWxfdmVyaWZpZWQiOnRydWUsImF0X2hhc2giOiIxVGhodWJQUXplSzhnaloxOXNkbDRBIiwibmFtZSI6IkdhdmluIEpha3ViaWsiLCJwaWN0dXJlIjoiaHR0cHM6Ly9saDMuZ29vZ2xldXNlcmNvbnRlbnQuY29tL2EvQUNnOG9jSXVHUTkzRmtuOTc2bUJWajV5eU41bS03M2prUG5JcHNvNkJMcXVUeW11S2c9czk2LWMiLCJnaXZlbl9uYW1lIjoiR2F2aW4iLCJmYW1pbHlfbmFtZSI6Ikpha3ViaWsiLCJsb2NhbGUiOiJlbiIsImlhdCI6MTY5NzE4NTExNCwiZXhwIjoxNjk3MTg4NzE0fQ.Mmsk9H7bVtuFTBmNW6-7rCZnw5vtR3ni9h2lCb5yLOZGqKV4AKk54gMRSOg-y8FacJmDcmFy1wwQR2txhT_qsPRdjA1lpZlIXnBAZgxelhdCWJIfy6j1c6kmN6DlFD5akNCFHeM0EnAL7m-7CFnIqrs7rVTRmHohqfxnU7hHydVrIHZ3WUI8xHNRWbFfMpiV6f7ofUvjwW9EBYfK7P0cyXZaUm-X_ZlYHV_B8qwfrcEYgwmC-eY-lizFsKAj28FIrMh0FJqDf9Y-bXhKjw7953MRYugZ9csjj_oRXj3w86oXAX6WIU3HnN9SIaC3rxJLGTRjL-RbuS9bMt-AZcY0tw',NULL,'https://www.googleapis.com/auth/userinfo.profile https://www.googleapis.com/auth/userinfo.email openid','Bearer','2023-10-13 08:18:35','2023-10-13 08:18:35',NULL),
('ea6e1fa6-d9b2-4847-a4dd-a81af2146d9b','oauth','google','116617019457986941700','ya29.a0AfB_byAOLqbEhhi2BraEnqTcPvcJPInyziD2PNLUZt5fVgOaBo9_fuEmf0MWYDNjqvQCV2TukgLwtTAUrRRJjd-WgwwRJj_T9XSeiHONWfxrx3W7YBWXjFUfrYrM5R0gbdzye2ixFQ2t3le9r2RknLlQNuhlhU-IHlzhaCgYKARsSARASFQHGX2MiLLcqmAsVfytP_8XGs-E0VA0171',1706071881,'eyJhbGciOiJSUzI1NiIsImtpZCI6IjQ4YTYzYmM0NzY3Zjg1NTBhNTMyZGM2MzBjZjdlYjQ5ZmYzOTdlN2MiLCJ0eXAiOiJKV1QifQ.eyJpc3MiOiJodHRwczovL2FjY291bnRzLmdvb2dsZS5jb20iLCJhenAiOiI5NDUwMzMyMDM4OTctMGdjYTJkcTJ1bjJqMm9wbjBtNGhwZ252aHB0aG4zaGMuYXBwcy5nb29nbGV1c2VyY29udGVudC5jb20iLCJhdWQiOiI5NDUwMzMyMDM4OTctMGdjYTJkcTJ1bjJqMm9wbjBtNGhwZ252aHB0aG4zaGMuYXBwcy5nb29nbGV1c2VyY29udGVudC5jb20iLCJzdWIiOiIxMTY2MTcwMTk0NTc5ODY5NDE3MDAiLCJlbWFpbCI6ImpqYWs4ODAwQGdtYWlsLmNvbSIsImVtYWlsX3ZlcmlmaWVkIjp0cnVlLCJhdF9oYXNoIjoiX2xBWHhCV2xZWXFEV2JkTWRKWV9IUSIsIm5hbWUiOiJKdWxpYSBKIiwicGljdHVyZSI6Imh0dHBzOi8vbGgzLmdvb2dsZXVzZXJjb250ZW50LmNvbS9hL0FDZzhvY0stNDQwbXY2ZWliMTZNNTZMUnhSdUswUFVlTzc3T1V6X3ZkS0pYZmpWNW9RPXM5Ni1jIiwiZ2l2ZW5fbmFtZSI6Ikp1bGlhIiwiZmFtaWx5X25hbWUiOiJKIiwibG9jYWxlIjoiZW4iLCJpYXQiOjE3MDYwNjgyODIsImV4cCI6MTcwNjA3MTg4Mn0.oq3CBmhuPXUbWMOcUZGgYRs4Adbls58Bk1AGrSitdGv4hBH_jNp_ispKK3fzeqeEAhJNrklnNO396vSda4nTsOJ4-HfERSdNbbMiHfcpSkqGbVwPyIFpCSyC5jh3QYNjO9W7SgeicYm9lS91rwmaapqoG-SltSo4P9-iaseiBfT5cDVqOq_hLl5eKJAav_5ms7AQf6kAYHD8vLU7XPQIVd6yoSA85vQEQMoBMGKboPAgu-pv-4otpPcbEaSnZ6FoWAARvosZVuCoZikZx0digb1mEiNugfxzbtcap19OA9Mf-q3g2uLSKRxFXVtG2JHOJjA_v-r9p4IvJ8iSNGr7TQ',NULL,'https://www.googleapis.com/auth/userinfo.profile openid https://www.googleapis.com/auth/userinfo.email','Bearer','2024-01-24 03:51:22','2024-01-24 03:51:22',NULL);
INSERT INTO "featureFlag"("id","name","description","isActive") VALUES
(1,'canSeeGroceryList','Flag to turn on and off the grocery list feature while it is in development',FALSE),
(2,'canSeeNewAIRecipeUpload','Turns on or off access to the AI recipe upload feature in app',TRUE);
INSERT INTO "menus"("id","title","description","recipes","creation_date","updated_at","author_id") VALUES
(42,'Thanksgiving Dinner','Thanksgiving dinner with the family',NULL,'2024-01-03 07:23:18','2024-01-03 07:23:18','ca49ccb4-7cf0-4477-8f3f-90371e737b38'),
(43,'1/7/24 Meal Plan','Meal plan for the week of 1/7/24',NULL,'2024-01-03 07:23:19','2024-01-03 07:23:19','ca49ccb4-7cf0-4477-8f3f-90371e737b38'),
(44,'Sara''s Birthday Dinner','Dinner for Sara''s birthday, including flatbreads, pulled pork sliders, coleslaw, and pasta salad',NULL,'2024-01-03 07:23:19','2024-01-03 07:23:19','ca49ccb4-7cf0-4477-8f3f-90371e737b38'),
(45,'1/14/24 Meal Plan','Meal plan for the week of 1/14/24',NULL,'2024-01-03 07:23:19','2024-01-03 07:23:19','ca49ccb4-7cf0-4477-8f3f-90371e737b38'),
(46,'1/21/24 Meal Plan','Meal plan for the week of 1/21/24',NULL,'2024-01-03 07:23:19','2024-01-03 07:23:19','ca49ccb4-7cf0-4477-8f3f-90371e737b38'),
(47,'1/28/24 Meal Plan','Meal plan for the week of 1/28/24',NULL,'2024-01-03 07:23:20','2024-01-03 07:23:20','ca49ccb4-7cf0-4477-8f3f-90371e737b38'),
(48,'2/4/24 Meal Plan','Meal plan for the week of 2/4/24',NULL,'2024-01-03 07:23:20','2024-01-03 07:23:20','ca49ccb4-7cf0-4477-8f3f-90371e737b38'),
(49,'2/11/24 Meal Plan','Meal plan for the week of 2/11/24',NULL,'2024-01-03 07:23:20','2024-01-03 07:23:20','ca49ccb4-7cf0-4477-8f3f-90371e737b38'),
(50,'2/18/24 Meal Plan','Meal plan for the week of 2/18/24',NULL,'2024-01-03 07:23:20','2024-01-03 07:23:20','ca49ccb4-7cf0-4477-8f3f-90371e737b38'),
(51,'2/25/24 Meal Plan','Meal plan for the week of 2/25/24',NULL,'2024-01-03 07:23:21','2024-01-03 07:23:21','ca49ccb4-7cf0-4477-8f3f-90371e737b38'),
(52,'3/3/24 Meal Plan','Meal plan for the week of 3/3/24',NULL,'2024-01-03 07:23:21','2024-01-03 07:23:21','ca49ccb4-7cf0-4477-8f3f-90371e737b38'),
(53,'3/10/24 Meal Plan','Meal plan for the week of 3/10/24',NULL,'2024-01-03 07:23:21','2024-01-03 07:23:21','ca49ccb4-7cf0-4477-8f3f-90371e737b38'),
(54,'3/17/24 Meal Plan','Meal plan for the week of 3/17/24',NULL,'2024-01-03 07:23:21','2024-01-03 07:23:21','ca49ccb4-7cf0-4477-8f3f-90371e737b38'),
(55,'3/24/24 Meal Plan','Meal plan for the week of 3/24/24',NULL,'2024-01-03 07:23:21','2024-01-03 07:23:21','ca49ccb4-7cf0-4477-8f3f-90371e737b38'),
(56,'3/31/24 Meal Plan','Meal plan for the week of 3/31/24','[34]','2024-01-03 07:23:22','2024-01-06 04:23:00','ca49ccb4-7cf0-4477-8f3f-90371e737b38'),
(57,'4/7/24 Meal Plan','Meal plan for the week of 4/7/24','[38]','2024-01-03 07:23:22','2024-01-03 21:36:01','ca49ccb4-7cf0-4477-8f3f-90371e737b38'),
(58,'4/14/24 Meal Plan','Meal plan for the week of 4/14/24','[34, 68, 35, 36, 38, 37, 40]','2024-01-03 07:23:22','2024-01-03 21:19:04','ca49ccb4-7cf0-4477-8f3f-90371e737b38'),
(65,'New menu','Another test menu','[86, 74, 75]','2024-01-07 04:10:24','2024-02-11 16:59:14','ca49ccb4-7cf0-4477-8f3f-90371e737b38'),
(66,'Arabic Feasts','Form when you need a little culture in your life :D','[101, 78, 68, 77]','2024-01-11 22:05:26','2024-03-10 19:31:45','b6f32b03-9d03-4ff9-8c06-08932e3d7940'),
(67,'Test','Another test',NULL,'2024-01-12 09:31:51','2024-01-12 09:31:51','ca49ccb4-7cf0-4477-8f3f-90371e737b38'),
(68,'Grilled Cheese Night!!!','Tomato soup and grilled cheese menu for a dreary day','[86, 81, 80]','2024-01-16 23:38:33','2024-02-16 23:36:24','ca49ccb4-7cf0-4477-8f3f-90371e737b38'),
(69,'test','testtesttest',NULL,'2024-02-08 18:31:47','2024-02-08 18:31:47','28517b82-9eda-4e1f-9a8f-34e0d917e232'),
(70,'Week of 2/19/24 Meal planning','Gavin and Sara''s meal plan for this week','[93, 92]','2024-02-19 17:06:00','2024-02-19 17:52:02','ca49ccb4-7cf0-4477-8f3f-90371e737b38');
INSERT INTO "recipes"("id","title","description","preparation_time","cooking_time","servings","difficulty_level","instructions","creation_date","author_id","title_image","helper_images","updated_at","ingredients","private") VALUES
(34,'Pesto Dip','A creamy and herby pesto dip perfect for chips or vegetables.','00:15:00','00:00:00','4','easy','["In blender or food processor, blend all ingredients until almost smooth.", "Cover and chill."]','2023-12-20 20:25:09','ca49ccb4-7cf0-4477-8f3f-90371e737b38','{"key": "5c5c5066-9d4e-4bae-8f6b-06a544def74e-7tfrgy.jpeg", "url": "https://utfs.io/f/5c5c5066-9d4e-4bae-8f6b-06a544def74e-7tfrgy.jpeg", "name": "pestodip.jpeg", "size": 135932}',NULL,'2023-12-24 22:01:14','[{"name": "Hellmann''s Real Mayo", "unit": "cup", "amount": "2"}, {"name": "sour cream", "unit": "cup", "amount": "1"}, {"name": "frozen chopped spinach, thawed, drained", "unit": "pkg", "amount": "1"}, {"name": "dried basil", "unit": "tbsp", "amount": "1"}, {"name": "grated Parmesan cheese", "unit": "cup", "amount": "1"}, {"name": "salt", "unit": "tbsp", "amount": "1"}]',FALSE),
(35,'Ginger Lime Dip','A tangy and refreshing dip with a kick of ginger, perfect as a companion for fruit or crackers.','00:10:00','00:00:00','4','easy','["Stir all ingredients until well mixed.", "Cover, chill, and serve with fruit."]','2023-12-20 20:25:09','ca49ccb4-7cf0-4477-8f3f-90371e737b38','null','null','2023-12-21 18:39:23','[{"name": "Hellmann''s Real Mayo", "note": "Some note about the ingredient", "unit": "cup", "amount": "1"}, {"name": "sour cream", "unit": "cup", "amount": "1"}, {"name": "honey", "unit": "tbsp", "amount": "2"}, {"name": "lime juice", "unit": "tbsp", "amount": "1"}, {"name": "ground ginger", "unit": "tsp", "amount": "0.5"}]',FALSE),
(36,'Sweet Sour Chicken Wings','A tangy and sweet chicken wing dish with a combination of vinegar, pineapple juice, soy sauce, and spices.','00:15:00','00:30:00','4','medium','["Brown chicken on all sides in hot fat in a large heavy skillet.", "Combine remaining ingredients in saucepan; cook to boiling, then simmer 5 min.", "Pour over chicken; cook, covered, on low heat 20 min.", "Uncover & cook 15 min, or until chicken is tender."]','2023-12-20 20:25:09','ca49ccb4-7cf0-4477-8f3f-90371e737b38',NULL,NULL,'2023-12-31 23:00:05','[{"name": "chicken wings", "unit": "lb", "amount": "2"}, {"name": "vinegar", "unit": "cup", "amount": "1/2"}, {"name": "shortening", "unit": "cup", "amount": "1/2"}, {"name": "brown sugar", "unit": "cup", "amount": "1/2"}, {"name": "pineapple juice", "unit": "can", "amount": "1"}, {"name": "catsup", "unit": "cup", "amount": "3/4"}, {"name": "soy sauce", "unit": "tbsp", "amount": "1"}, {"name": "prepared mustard", "unit": "tbsp", "amount": "1"}, {"name": "salt", "unit": "tsp", "amount": "1/2"}]',FALSE),
(37,'Shrimp Louis Dip','A creamy and savory dip with a base of mayonnaise and sour cream, enhanced with fresh shrimp, green pepper, and a kick of horseradish.','00:15:00','00:00:00','Variable','Easy','["Stir all ingredients until well mixed.", "Cover and chill."]','2023-12-20 20:25:10','ca49ccb4-7cf0-4477-8f3f-90371e737b38','null','null','2023-12-20 20:25:10','[{"name": "Hellmann''s Real Mayo", "unit": "cup", "amount": "1"}, {"name": "sour cream", "unit": "cup", "amount": "1"}, {"name": "finely chopped cooked shrimp", "unit": "cup", "amount": "1"}, {"name": "chili sauce", "unit": "cup", "amount": "1"}, {"name": "finely chopped green pepper", "unit": "tbsp", "amount": "1"}, {"name": "prepared horseradish", "unit": "tbsp", "amount": "1"}, {"name": "pepper, fresh ground", "unit": "tsp", "amount": "0.125"}]',FALSE),
(38,'French Onion Dip','A classic creamy dip flavored with French onion soup mix.','00:10:00','00:00:00','Variable','Easy','["Stir all ingredients until well mixed.", "Cover and chill."]','2023-12-20 20:25:10','ca49ccb4-7cf0-4477-8f3f-90371e737b38','null','null','2023-12-20 20:25:10','[{"name": "Hellmann''s Real Mayonnaise", "unit": "cup", "amount": "2.5"}, {"name": "sour cream", "unit": "cup", "amount": "2"}, {"name": "Knorr French onion soup & recipe mix", "unit": "pkg", "amount": "1"}]',FALSE),
(39,'Bacon Horseradish Dip','A rich dip with bold flavors of bacon and horseradish.','00:15:00','00:00:00','Variable','Easy','["Stir bacon bits integeregero mayonnaise and sour cream.", "Add prepared horseradish.", "Stir all ingredients until well mixed.", "Cover and chill."]','2023-12-20 20:25:10','ca49ccb4-7cf0-4477-8f3f-90371e737b38','null','null','2023-12-20 20:25:10','[{"name": "Hellmann''s Real Mayo", "unit": "cup", "amount": "1"}, {"name": "sour cream", "unit": "cup", "amount": "1"}, {"name": "prepared horseradish", "unit": "cup", "amount": "0.25"}, {"name": "real bacon bits", "unit": "cup", "amount": "1"}]',FALSE),
(40,'Green Onion Dip','A fresh and zesty dip with green onions and Dijon mustard.','00:10:00','00:00:00','Variable','Easy','["Stir sliced green onions and parsley integeregero mayonnaise and sour cream.", "Add Dijon mustard and minced garlic.", "Blend or process until almost smooth.", "Cover and chill."]','2023-12-20 20:25:10','ca49ccb4-7cf0-4477-8f3f-90371e737b38','null','null','2023-12-20 20:25:10','[{"name": "Hellmann''s Real Mayo", "unit": "cup", "amount": "1"}, {"name": "sour cream", "unit": "cup", "amount": "1"}, {"name": "sliced green onions", "unit": "cup", "amount": "0.5"}, {"name": "parsley sprigs", "unit": "cup", "amount": "0.5"}, {"name": "Dijon mustard", "unit": "tbsp", "amount": "1"}, {"name": "garlic, minced", "unit": "clove", "amount": "1"}]',FALSE),
(41,'Canning Carrots, Corn, Beans','Home canning process for preserving carrots, corn, and beans.','01:00:00','03:00:00','Variable','Medium','["Wash and peel carrots.", "Cut corn from cob.", "Wash, snip green or yellow beans.", "Cut integeregero desired pieces.", "Pack loosely integeregero pintegereger jars.", "Add 1/2 tsp canning salt per pintegereger jar.", "Fill jar with boiling water.", "Put on lid and band, screw on firmly.", "Boil in hot water bath for 3 hours."]','2023-12-20 20:25:10','ca49ccb4-7cf0-4477-8f3f-90371e737b38','null','null','2023-12-20 20:25:10','[{"name": "carrots", "unit": "Variable", "amount": "1"}, {"name": "corn", "unit": "Variable", "amount": "1"}, {"name": "green or yellow beans", "unit": "Variable", "amount": "1"}, {"name": "canning salt per pintegereger jar", "unit": "tsp", "amount": "0.5"}]',FALSE),
(42,'48-Hour Crock Pickles','A traditional crock pickle recipe requiring 48 hours of brining.','00:15:00','48:00:00','Varies','Medium','["Place pickles in pail along with some dill, onion, and garlic.", "Mix together vinegar, water, sugar and salt.", "Pour over sliced, speared, or whole cucumbers.", "Let stand for 48 hours.", "Can boil brine and pour over cucumbers in jars."]','2023-12-20 20:25:11','ca49ccb4-7cf0-4477-8f3f-90371e737b38','null','null','2023-12-20 20:25:11','[{"name": "vinegar", "unit": "cup", "amount": "2"}, {"name": "water", "unit": "qt", "amount": "2"}, {"name": "sugar", "unit": "cup", "amount": "1.5"}, {"name": "salt", "unit": "tbsp", "amount": "1.75"}]',FALSE),
(43,'Frozen Sweet Dill Pickles','Sweet dill pickles recipe that is frozen for preservation and taste.','00:15:00','02:00:00','Varies','Easy','["Mix together salt, sugar, and cider vinegar.", "Let set for 2 hours.", "Drain, but DO NOT rinse.", "Add dillweed to taste.", "Let set until sugar dissolves and liquid covers cucumbers.", "Put in freezer containers with 1 inch space.", "Freeze."]','2023-12-20 20:25:11','ca49ccb4-7cf0-4477-8f3f-90371e737b38','null','null','2023-12-20 20:25:11','[{"name": "sliced cucumber, peeled", "unit": "cup", "amount": "4"}, {"name": "sliced onion", "unit": "cup", "amount": "2"}, {"name": "water", "unit": "tbsp", "amount": "2"}, {"name": "salt", "unit": "tsp", "amount": "4"}, {"name": "sugar", "unit": "cup", "amount": "3.75"}, {"name": "cider vinegar", "unit": "cup", "amount": "0.5"}, {"name": "dillweed to taste", "unit": "tbsp", "amount": "0"}]',FALSE),
(44,'Hot Artichoke Dip','A creamy, cheesy artichoke dip that''s perfect for parties.','00:10:00','00:30:00','8','Easy','["Stir all ingredients until well mixed.", "Spoon integeregero a small ovenproof dish.", "Bake at 350 degrees for 30 minutes or until bubbly."]','2023-12-20 20:25:11','ca49ccb4-7cf0-4477-8f3f-90371e737b38','null','null','2023-12-20 20:25:11','[{"name": "Hellmann''s Real Mayo", "unit": "cup", "amount": "2"}, {"name": "sour cream", "unit": "cup", "amount": "1"}, {"name": "artichoke hearts, drained, chopped", "unit": "can", "amount": "1"}, {"name": "Parmesan cheese", "unit": "cup", "amount": "1"}, {"name": "black pepper sauce", "unit": "tsp", "amount": "0.125"}]',FALSE),
(45,'Guacamole Dip','A fresh, tangy guacamole dip perfect for dipping or as a spread.','00:15:00','00:00:00','8','easy','["Stir all ingredients until well mixed.", "Cover.", "Chill.", "Serve."]','2023-12-20 20:25:11','ca49ccb4-7cf0-4477-8f3f-90371e737b38',NULL,NULL,'2023-12-31 22:57:14','[{"name": "Hellmann''s Real Mayo", "unit": "cup", "amount": "2"}, {"name": "tomato, chopped", "unit": "Small", "amount": "1"}, {"name": "avocado, peeled, mashed", "unit": "large", "amount": "1"}, {"name": "onion, minced", "unit": "cup", "amount": "0.25"}, {"name": "lemon juice", "unit": "tbsp", "amount": "1"}, {"name": "salt", "unit": "tsp", "amount": "0.5"}, {"name": "minced, chopped green chilies", "unit": "tbsp", "amount": "1"}]',FALSE),
(46,'Spinach Dip','A savory spinach dip with a mix of spinach and herbs, great for entertaining.','00:15:00','00:00:00','8','Easy','["Stir all ingredients until well mixed.", "Cover.", "Chill."]','2023-12-20 20:25:12','ca49ccb4-7cf0-4477-8f3f-90371e737b38','null','null','2023-12-20 20:25:12','[{"name": "Hellmann''s Real Mayonnaise", "unit": "cup", "amount": "1"}, {"name": "sour cream", "unit": "cup", "amount": "0.5"}, {"name": "frozen chopped spinach, thawed, drained", "unit": "pkg", "amount": "1"}, {"name": "Knorr vegetable soup & recipe mix", "unit": "pkg", "amount": "1"}, {"name": "water chestnuts, drained, chopped (optional)", "unit": "can", "amount": "1"}, {"name": "green onions, chopped", "unit": "whole", "amount": "3"}]',FALSE),
(47,'Egg Nog','A classic holiday egg nog with a blend of eggs, milk, ice cream, and a hintegereger of brandy or rum.','00:15:00','00:00:00','8','Easy','["Separate the eggs.", "Beat egg whites, add 3/4 cup sugar and beat.", "In a separate bowl, beat egg yolks, add 1/4 cup sugar and beat.", "Mix egg mixtures together.", "Add milk and brandy or rum and mix.", "Float half a gallon of vanilla ice cream in bowl with mixture.", "Sprinkle each serving with nutmeg."]','2023-12-20 20:25:12','ca49ccb4-7cf0-4477-8f3f-90371e737b38','null','null','2023-12-20 20:25:12','[{"name": "eggs, separated", "unit": "whole", "amount": "12"}, {"name": "sugar", "unit": "cup", "amount": "1"}, {"name": "milk", "unit": "gallon", "amount": "0.75"}, {"name": "ice cream, vanilla", "unit": "gallon", "amount": "0.5"}, {"name": "brandy or rum", "unit": "cup", "amount": "0.5"}]',FALSE),
(48,'Beef Kebabs','Savory beef kebabs marinated in a blend of chablis, soy sauce, and seasonings, grilled with vegetables.','00:20:00','00:10:00','Varies','Medium','["Mix chablis, Worcestershire sauce, honey, soy sauce, grated ginger root, and pineapple juice for marinade.", "Cut sirloin steak integeregero 1\" cubes.", "Skewer alternately with vegetables.", "Marinate in the refrigerator for up to two days.", "Grill until beef is done to your taste."]','2023-12-20 20:25:12','ca49ccb4-7cf0-4477-8f3f-90371e737b38','null','null','2023-12-20 20:25:12','[{"name": "chablis", "unit": "cup", "amount": "0.5"}, {"name": "Worcestershire sauce", "unit": "tbsp", "amount": "1"}, {"name": "honey", "unit": "tbsp", "amount": "1"}, {"name": "soy sauce", "unit": "cup", "amount": "0.25"}, {"name": "grated ginger root", "unit": "tsp", "amount": "1"}, {"name": "pineapple juice", "unit": "cup", "amount": "0.75"}, {"name": "sirloin steak, cut integeregero 1\" cubes", "unit": "lb", "amount": "1.5"}]',FALSE),
(49,'Chicken Casserole','Hearty chicken casserole with cheese, celery, and a crispy fried onion topping.','00:30:00','00:45:00','8','Medium','["Skin chicken and boil in pot of water for 2 minutes.", "Let chicken simmer in pot at low heat for 15-20 minutes.", "Drain and let chicken cool for 15 minutes.", "Debone chicken and cut integeregero bite-size pieces.", "In a bowl, mix remaining ingredients, except fried onions.", "Add chicken pieces.", "Place in casserole dish and bake for 45 minutes at 350 degrees.", "Top with fried onions."]','2023-12-20 20:25:12','ca49ccb4-7cf0-4477-8f3f-90371e737b38','null','null','2023-12-20 20:25:12','[{"name": "chicken breasts", "unit": "whole", "amount": "4"}, {"name": "cream of mushroom soup", "unit": "can", "amount": "1"}, {"name": "cheddar cheese soup", "unit": "can", "amount": "1"}, {"name": "can evaporated milk", "unit": "sm", "amount": "1"}, {"name": "chopped celery", "unit": "cup", "amount": "1"}, {"name": "jar pimento", "unit": "sm", "amount": "1"}, {"name": "chow mein noodles", "unit": "cup", "amount": "1"}, {"name": "salt", "unit": "tsp", "amount": "1"}, {"name": "green beans", "unit": "to 10 froz", "amount": "8"}, {"name": "fried onions, for topping", "unit": "can", "amount": "1"}]',FALSE),
(50,'Beef Shish-Kabob','Marinated beef cubes skewered with assorted vegetables.','00:15:00','00:10:00','6','Medium','["In a deep bowl, combine all ingredients except meat; mix well.", "Add meat to the marinade and stir to coat.", "Refrigerate overnight or let stand at room temperature for 2 or 3 hours, turning meat occasionally.", "Skewer with assorted vegetables like green & red peppers, mushrooms, onion, and zucchini chunks."]','2023-12-20 20:25:12','ca49ccb4-7cf0-4477-8f3f-90371e737b38','null','null','2023-12-20 20:25:12','[{"name": "salad oil", "unit": "cup", "amount": "0.5"}, {"name": "vinegar", "unit": "cup", "amount": "0.25"}, {"name": "chopped onion", "unit": "cup", "amount": "0.25"}, {"name": "salt", "unit": "tsp", "amount": "1"}, {"name": "coarsely ground pepper", "unit": "tbsp", "amount": "1"}, {"name": "Worcestershire sauce", "unit": "tbsp", "amount": "2"}, {"name": "lean beef round, sirloin cut in 1 1/2 inch cubes", "unit": "lb", "amount": "2"}]',FALSE),
(51,'Chicken Kiev','A classic Chicken Kiev recipe where chicken breasts are stuffed with flavorful butter, coated in breadcrumbs, and baked.','01:00:00','00:20:00','6','Medium','["Prepare chicken.", "Mix margarine, parsley, chives, onions, salt, and pepper.", "Shape the mixture integeregero 6 sticks and chill or freeze.", "Place chicken breast between two pieces of wax paper and pound with a mallet.", "Place 1 stick of butter mixture on each breast, roll, and close edges with picks.", "Sprinkle with salt and pepper.", "Heat oven to 400 degrees.", "Beat eggs and water.", "Dredge breasts with flour, dip in egg, then roll in breadcrumbs.", "Saute in margarine until brown.", "Bake for 20 minutes."]','2023-12-20 20:25:13','ca49ccb4-7cf0-4477-8f3f-90371e737b38','null','null','2023-12-20 20:25:13','[{"name": "soft margarine", "unit": "cup", "amount": "0.75"}, {"name": "parsley", "unit": "tbsp", "amount": "1"}, {"name": "chopped chives", "unit": "tbsp", "amount": "1"}, {"name": "chopped onions", "unit": "tbsp", "amount": "1"}, {"name": "salt", "unit": "tsp", "amount": "1.5"}, {"name": "pepper", "unit": "tsp", "amount": "0.125"}, {"name": "chicken breasts", "unit": "whole", "amount": "6"}, {"name": "egg", "unit": "whole", "amount": "1"}, {"name": "cold water", "unit": "tbsp", "amount": "1"}, {"name": "margarine", "unit": "cup", "amount": "1.25"}, {"name": "bread crumbs", "unit": "cup", "amount": "2.67"}]',FALSE),
(52,'Meatloaf','A traditional meatloaf recipe with a savory blend of spices and condiments.','00:15:00','01:00:00','4','Medium','["Mix lean hamburger, bread crumbs or oats, eggs, chopped onion, onion powder, garlic powder, salt, and pepper.", "Pack integeregero a loaf pan.", "Place bacon strips on top.", "Bake at 375 for 60 min.", "Optionally, put a can of beef gravy over top & place potatoes, carrots & onions around the meat.", "Bake until vegetables are done."]','2023-12-20 20:25:13','ca49ccb4-7cf0-4477-8f3f-90371e737b38','null','null','2023-12-20 20:25:13','[{"name": "lean hamburger", "unit": "lb", "amount": "2"}, {"name": "bread crumbs or oats", "unit": "whole", "amount": "3"}, {"name": "eggs", "unit": "whole", "amount": "2"}, {"name": "chopped onion", "unit": "c", "amount": "1"}, {"name": "onion powder", "unit": "tsp", "amount": "1"}, {"name": "garlic powder", "unit": "tsp", "amount": "1"}, {"name": "salt", "unit": "tsp", "amount": "1"}, {"name": "pepper", "unit": "tsp", "amount": "1"}, {"name": "parsley flakes", "unit": "tbsp", "amount": "1"}, {"name": "catsup", "unit": "c", "amount": "1"}, {"name": "mayonnaise", "unit": "c", "amount": "1"}, {"name": "chopped green pepper", "unit": "c", "amount": "0.5"}]',FALSE),
(53,'Pork Roast, Grilled','Grilled pork roast glazed with a sweet and tangy sauce.','00:10:00','02:00:00','4','Medium','["Prepare the grill for the pork roast.", "Mix baby food peaches, brown sugar, cider vinegar, ginger, catsup, garlic powder, and soy sauce.", "Bring all ingredients except pork roast to a boil.", "Use mixture to baste roast."]','2023-12-20 20:25:13','ca49ccb4-7cf0-4477-8f3f-90371e737b38','null','null','2023-12-20 20:25:13','[{"name": "pork roast", "unit": "lb", "amount": "6"}, {"name": "baby food, peaches", "unit": "jar", "amount": "1"}, {"name": "brown sugar", "unit": "c", "amount": "0.5"}, {"name": "cider vinegar", "unit": "c", "amount": "0.5"}, {"name": "ginger", "unit": "tsp", "amount": "1"}, {"name": "catsup", "unit": "c", "amount": "1"}, {"name": "garlic powder", "unit": "tbsp", "amount": "1"}, {"name": "soy sauce", "unit": "tbsp", "amount": "1"}]',FALSE),
(54,'Venison Beer Stew','A hearty stew with venison and vegetables, simmered in beer for a rich flavor.','00:15:00','01:30:00','4','Medium','["Crumble bacon, set aside. Coat venison with flour.", "Brown bacon drippings, drain off fat. Add undrained tomatoes, beer, onion, bouillon, sugar, thyme, black & red peppers. Bring to boil, reduce heat, cover, simmer 1 1/2 hours.", "Add carrots, turnip, celery, cover, simmer 30 min more. Stir in frozen peas. Cook 5 min. Stir in bacon.", "Spoon integeregero serving bowls. Serve with crackers."]','2023-12-20 20:25:13','ca49ccb4-7cf0-4477-8f3f-90371e737b38','null','null','2023-12-20 20:25:13','[{"name": "slices bacon", "unit": "whole", "amount": "4"}, {"name": "boneless venison, cubed", "unit": "lb", "amount": "2"}, {"name": "flour", "unit": "cup", "amount": "1.25"}, {"name": "can tomatoes", "unit": "oz", "amount": "16"}, {"name": "beer", "unit": "l", "amount": "1"}, {"name": "medium onion", "unit": "whole", "amount": "1"}, {"name": "instant beef bouillon", "unit": "tbsp", "amount": "2"}, {"name": "sugar", "unit": "tsp", "amount": "1"}, {"name": "dried thyme", "unit": "tsp", "amount": "1"}, {"name": "black pepper", "unit": "tsp", "amount": "0.25"}, {"name": "ground red pepper", "unit": "tsp", "amount": "1.5"}, {"name": "medium carrots cut 1'' pieces", "unit": "whole", "amount": "3"}, {"name": "small turnip, wedged", "unit": "whole", "amount": "2"}, {"name": "celery, 1'' pieces", "unit": "stalk", "amount": "1"}, {"name": "frozen peas", "unit": "cup", "amount": "1"}]',FALSE),
(55,'4 Hour Beef Stew','A classic beef stew, slow-cooked with vegetables and thickened with tapioca.','00:15:00','04:00:00','6','Easy','["Put meat & vegetables in pan.", "Mix salt, sugar & tapioca integeregero tomato sauce.", "Pour over meat & vegetables.", "Cover, bake at 250 degrees for 4 hours."]','2023-12-20 20:25:14','ca49ccb4-7cf0-4477-8f3f-90371e737b38','null','null','2023-12-20 20:25:14','[{"name": "beef stew meat, cubed", "unit": "lb", "amount": "2"}, {"name": "medium onion, sliced", "unit": "whole", "amount": "1"}, {"name": "celery", "unit": "stalk", "amount": "1"}, {"name": "carrots, chunked", "unit": "whole", "amount": "6"}, {"name": "tomato sauce", "unit": "cup", "amount": "3"}, {"name": "salt", "unit": "tsp", "amount": "2"}, {"name": "sugar", "unit": "Tbsp", "amount": "1"}, {"name": "tapioca", "unit": "Tbsp", "amount": "2"}]',FALSE),
(56,'Country Style Veal Roast','A savory veal roast with carrots and onion, flavored with marjoram and mushroom soup, perfect for a homely dinner.','00:15:00','02:30:00','6','Medium','["Put roast to one side in pan, add carrots, onion.", "Cook 5 min, skim off fat. Add water, undiluted soup, salt, pepper, marjoram & bay leaf, bring to boil.", "Stirring constantly, reduce heat to low, cover & simmer 2 1/2 to 3 hours until meat is fork tender.", "To serve, place meat on warm platter, discard bay leaf. Pour pan liquid integeregero gravy boat."]','2023-12-20 20:25:14','ca49ccb4-7cf0-4477-8f3f-90371e737b38','null','null','2023-12-20 20:25:14','[{"name": "veal roast, boneless", "unit": "lb", "amount": "3"}, {"name": "medium carrots, diced", "unit": "whole", "amount": "3"}, {"name": "medium onion, chopped", "unit": "whole", "amount": "1"}, {"name": "water", "unit": "cup", "amount": "2.75"}, {"name": "cream of mushroom soup", "unit": "can", "amount": "1"}, {"name": "salt", "unit": "tsp", "amount": "1"}, {"name": "pepper", "unit": "tsp", "amount": "0.25"}, {"name": "marjoram", "unit": "tbsp", "amount": "0.25"}, {"name": "bay leaf", "unit": "whole", "amount": "1"}]',FALSE),
(57,'Venison Stroganoff','A delicious twist on the classic stroganoff, featuring venison and a rich, creamy mushroom sauce, served over noodles.','00:15:00','00:45:00','4','Medium','["Saute chopped onion in olive oil, add minced garlic to taste.", "Add meat & brown. Add remaining ingredients except sour cream. Cover, simmer 30 min until meat is tender.", "Stir in sour cream. Serve over cooked noodles."]','2023-12-20 20:25:14','ca49ccb4-7cf0-4477-8f3f-90371e737b38','null','null','2023-12-20 20:25:14','[{"name": "olive oil", "unit": "tbsp", "amount": "1"}, {"name": "chopped onion, to taste", "unit": "whole", "amount": "1"}, {"name": "minced garlic, to taste", "unit": "clove", "amount": "1"}, {"name": "deer tenderloin, in 1\" cubes", "unit": "lb", "amount": "1"}, {"name": "butter or margarine", "unit": "cup", "amount": "0.5"}, {"name": "onion soup mix", "unit": "package", "amount": "1"}, {"name": "sour cream", "unit": "pt", "amount": "1"}, {"name": "cream of mushroom soup", "unit": "can", "amount": "2"}, {"name": "cooked noodles", "unit": "lb", "amount": "1"}]',FALSE),
(58,'Chicken & Shrimp Jambalaya','A flavorful jambalaya with chicken, shrimp, and ham, mixed with rice and spiced with thyme, cayenne, and parsley.','00:15:00','01:00:00','6','Medium','["Heat butter in large heavy skillet. Brown chicken, a few pieces at a time, transfer to casserole.", "Add onion & garlic to skillet, saute over medium heat, stirring frequently, 3 to 5 min. Add rice, cook, stirring until rice is opaque but not brown, about 5 min.", "Stir in tomatoes, broth, parsley, salt, thyme, & cayenne. Heat just to boil, pour over chicken. Cover, bake at 325 degrees for 30 min.", "Stir gently to blend rice & chicken; add peppers, shrimp, & ham. Cover, bake 30 to 40 min, stirring once or twice until chicken is tender. Garnish with parsley when serving, if desired."]','2023-12-20 20:25:14','ca49ccb4-7cf0-4477-8f3f-90371e737b38','null','null','2023-12-20 20:25:14','[{"name": "butter or margarine", "unit": "tbsp", "amount": "2"}, {"name": "large onion, chopped", "unit": "whole", "amount": "1"}, {"name": "regular rice", "unit": "cup", "amount": "1.5"}, {"name": "whole tomatoes", "unit": "oz", "amount": "28"}, {"name": "chicken broth", "unit": "oz", "amount": "13.75"}, {"name": "small green peppers, strips", "unit": "whole", "amount": "2"}, {"name": "small fresh or frozen shrimp, shelled, deveined", "unit": "lb", "amount": "0.5"}, {"name": "chicken, cut up", "unit": "whole", "amount": "1"}, {"name": "garlic, minced", "unit": "clove", "amount": "1"}, {"name": "thyme", "unit": "tsp", "amount": "0.75"}, {"name": "chopped parsley", "unit": "tbsp", "amount": "2"}, {"name": "cayenne pepper", "unit": "tsp", "amount": "0.5"}, {"name": "bottled sauce", "unit": "tbsp", "amount": "1"}, {"name": "ham, cubed", "unit": "lb", "amount": "0.5"}]',FALSE),
(59,'Sauerkraut-Kielbasa Oven Dinner','A baked dish featuring sauerkraut and kielbasa with apples, onions, and potatoes, seasoned with a chicken gravy mix and caraway seeds.','00:15:00','01:00:00','8','Easy','["Spoon sauerkraut integeregero oven cooking bag, top with kielbasa, apples, potatoes & onions.", "In a small bowl, combine gravy mix, water & caraway seeds; pour over ingredients in bag.", "Close bag with twist tie to contain entire bag, make 4 small holes along top of bag with scissors or fork.", "Bake at 375 degrees for 1 1/2 hours. Carefully lift bag onto large platter or serving dish; cut on corner or edge of bag & empty contents onto platter."]','2023-12-20 20:25:14','ca49ccb4-7cf0-4477-8f3f-90371e737b38','null','null','2023-12-20 20:25:14','[{"name": "sauerkraut", "unit": "lb", "amount": "2"}, {"name": "kielbasa, serving size pieces", "unit": "lb", "amount": "2.5"}, {"name": "apples, unpared, quartered", "unit": "whole", "amount": "4"}, {"name": "medium onions, peeled, quartered", "unit": "whole", "amount": "2"}, {"name": "potatoes, peeled, quartered", "unit": "whole", "amount": "4"}, {"name": "chicken seasoned gravy mix", "unit": "package", "amount": "1"}, {"name": "caraway seeds", "unit": "tbsp", "amount": "1"}]',FALSE),
(60,'Old English Ragout','A hearty beef stew with onions, carrots, eggplant, and beer, thickened with a pot roast seasoned gravy mix.','00:15:00','01:30:00','6','Medium','["Put meat & vegetables integeregero oven cooking bag.", "In a small bowl, combine gravy mix & beer, pour over ingredients in bag.", "Close bag with twist tie, make 4 small holes in top of bag.", "Bake 375 degrees for 1 1/2 hours."]','2023-12-20 20:25:15','ca49ccb4-7cf0-4477-8f3f-90371e737b38','null','null','2023-12-20 20:25:15','[{"name": "beef stew meat", "unit": "lb", "amount": "2"}, {"name": "small white onions, peeled", "unit": "whole", "amount": "12"}, {"name": "carrots, 1'' slices", "unit": "whole", "amount": "2"}, {"name": "eggplant, 1 1/2'' chunks", "unit": "medium", "amount": "1"}, {"name": "beer", "unit": "can", "amount": "1"}, {"name": "pot roast seasoned gravy mix", "unit": "package", "amount": "1"}]',FALSE),
(61,'Christmas Morning Italian Strata','An Italian-inspired layered casserole with sausage, mushrooms, cheese, and bread, perfect for a holiday breakfast or brunch.','00:30:00','01:00:00','12','Medium','["Grease baking dish, cook pork sausage meat in skillet over medium heat until thoroughly cooked and no longer pink. Using slotted spoon, remove sausage to paper towels to drain.", "Cut French bread integeregero 1/2\" cubes. Drain & chop mushrooms.", "In baking dish, combine sausage, bread cubes & mushrooms.", "Whisk together eggs, milk, Italian seasoning, garlic powder, & pepper. Pour egg mixture over sausage mixture. Cover with plastic wrap & refrigerate overnight.", "Preheat oven to 350°F. Bake strata, uncovered, for 1 hour. Remove from oven & sprinkle evenly with mozzarella & Cheddar cheeses. Bake 15 min longer or until knife inserted in center comes out clean.", "Remove from oven; let stand 10 min. Garnish with chopped parsley."]','2023-12-20 20:25:15','ca49ccb4-7cf0-4477-8f3f-90371e737b38','null','null','2023-12-20 20:25:15','[{"name": "pork sausage meat", "unit": "lb", "amount": "1.5"}, {"name": "loaf French bread", "unit": "oz", "amount": "12"}, {"name": "cans mushrooms", "unit": "oz", "amount": "4"}, {"name": "large eggs", "unit": "whole", "amount": "6"}, {"name": "milk", "unit": "qt", "amount": "1"}, {"name": "Italian seasoning", "unit": "tsp", "amount": "2"}, {"name": "garlic powder (optional)", "unit": "tsp", "amount": "2"}, {"name": "pepper", "unit": "tsp", "amount": "1.25"}, {"name": "shredded mozzarella cheese", "unit": "oz", "amount": "8"}, {"name": "shredded Cheddar cheese", "unit": "oz", "amount": "4"}, {"name": "chopped parsley for garnish", "unit": "tbsp", "amount": "1"}]',FALSE),
(62,'Baked Beans','A classic baked beans recipe with ground beef, bacon, and a sweet and savory sauce.','00:15:00','01:00:00','8','Easy','["Brown beef & drain, mix with beans & ketchup.", "Cook on low heat 15 min. Add other ingredients, bake 1 hour at 375 degrees."]','2023-12-20 20:25:15','ca49ccb4-7cf0-4477-8f3f-90371e737b38','null','null','2023-12-20 20:25:15','[{"name": "pork & beans", "unit": "can", "amount": "2"}, {"name": "ketchup", "unit": "can", "amount": "1"}, {"name": "ground beef", "unit": "lb", "amount": "1"}, {"name": "large onion, chopped", "unit": "whole", "amount": "1"}, {"name": "bacon, fried, diced", "unit": "lb", "amount": "1"}, {"name": "brown sugar", "unit": "cup", "amount": "0.33"}]',FALSE),
(63,'Sauerkraut Noodle Dish','A hearty dish of sauerkraut and noodles, enriched with bacon, mushrooms, and onions.','00:15:00','01:00:00','6','Medium','["Fry bacon, set aside. In bacon grease, saute chopped onions.", "Add sauerkraut and fry until tender, about 1 hr, adding a little water if necessary.", "Saute mushrooms in butter and add to cooked kraut.", "Cook and drain kluski noodles and add to cooked sauerkraut."]','2023-12-20 20:25:15','ca49ccb4-7cf0-4477-8f3f-90371e737b38','null','null','2023-12-20 20:25:15','[{"name": "bacon, diced, fried", "unit": "lb", "amount": "0.5"}, {"name": "sauerkraut, drained", "unit": "qt", "amount": "1"}, {"name": "kluski noodles", "unit": "pkg", "amount": "1"}, {"name": "medium onions", "unit": "whole", "amount": "3"}, {"name": "mushrooms, sliced", "unit": "lb", "amount": "0.5"}, {"name": "butter", "unit": "stick", "amount": "1"}]',FALSE),
(64,'Marquette Vegetable Salad','A refreshing vegetable salad with a creamy dill dressing, topped with olives and hard-boiled eggs.','00:15:00','00:00:00','6','Easy','["Mix sour cream, mayo, dill, parsley flakes, seasoned salt, and onion salt for dressing.", "Pour dressing over cauliflower, cherry tomatoes, sliced red onion, black olives, broccoli, and sliced hard boiled eggs."]','2023-12-20 20:25:16','ca49ccb4-7cf0-4477-8f3f-90371e737b38','null','null','2023-12-20 20:25:16','[{"name": "sour cream", "unit": "oz", "amount": "8"}, {"name": "mayo", "unit": "cup", "amount": "1"}, {"name": "dill", "unit": "tsp", "amount": "0.5"}, {"name": "parsley flakes", "unit": "tsp", "amount": "0.5"}, {"name": "seasoned salt", "unit": "tsp", "amount": "0.5"}, {"name": "onion salt", "unit": "tsp", "amount": "0.5"}, {"name": "medium head cauliflower", "unit": "whole", "amount": "1"}, {"name": "cherry tomatoes", "unit": "pintegereger", "amount": "1"}, {"name": "sliced red onion", "unit": "cup", "amount": "1"}, {"name": "sliced black olives", "unit": "cup", "amount": "1"}, {"name": "broccoli", "unit": "cup", "amount": "1"}, {"name": "sliced hard boiled eggs", "unit": "whole", "amount": "1"}]',FALSE),
(65,'5-Layer Macaroni Pile-Up','A layered macaroni dish with cheese, vegetables, and bacon, served with a tangy salad dressing.','00:20:00','00:00:00','8','Easy','["Prepare dinner as directed on package of macaroni.", "Combine salad dressing, onions, mustard. Mix well. Add to macaroni.", "In 12 x 8 baking dish, layer half of macaroni mixture, lettuce, tomatoes, and peas.", "Cover with remaining macaroni mixture. Press mixture to edges to seal.", "Cover, refrigerate several hours or overnight.", "Top with crumbled bacon just before serving."]','2023-12-20 20:25:16','ca49ccb4-7cf0-4477-8f3f-90371e737b38','null','null','2023-12-21 01:58:23','[{"name": "macaroni & cheese dinner", "note": "some note", "unit": "oz", "amount": "7 1/4"}, {"name": "white salad dressing", "unit": "cup", "amount": "1"}, {"name": "chopped tomatoes", "unit": "cup", "amount": "1.5"}, {"name": "crisply cooked bacon slices, crumbled", "unit": "whole", "amount": "4"}, {"name": "chopped onion", "unit": "cup", "amount": "0.25"}, {"name": "mustard", "unit": "tbsp", "amount": "1"}, {"name": "shredded lettuce", "unit": "cup", "amount": "2"}, {"name": "frozen peas, thawed, drained", "unit": "cup", "amount": "1"}]',FALSE),
(68,'Arabic Lasagna','The most GOATED form of lasagna in existence #arab style','00:10:00','00:40:00','6','easy','["Cook spaghetti according to instructions on packet. Set aside.", "Fry onions in some olive oil with ground beef and spices until beef is cooked through.", "Add marinara sauce, letting the mixture boil and come together.", "Mix cooked pasta in with the sauce mix.", "Cook bechamel according to packet instructions.", "Layer Pyrex dish: pasta and sauce mix, bechamel sauce, then cheese.", "Cook in oven at 350 degrees F for 15 min, then broil for 5 until cheese is browned."]','2023-12-22 07:59:15','b6f32b03-9d03-4ff9-8c06-08932e3d7940','{"key": "e3d94d72-d928-4758-8731-0f612381b152-1x995k.jpeg", "url": "https://utfs.io/f/e3d94d72-d928-4758-8731-0f612381b152-1x995k.jpeg", "name": "IMG_0161.jpeg", "size": 2445339}',NULL,'2023-12-22 19:08:29','[{"id": 0, "name": "Can of Marinara Sauce", "note": "", "unit": "", "amount": "1"}, {"id": 1, "name": "of Spaghetti", "note": "", "unit": "", "amount": "Handful"}, {"id": 2, "name": "Bechamel Packet", "note": "", "unit": "", "amount": "1"}, {"id": 3, "name": "Ground Beef", "note": "", "unit": "lb", "amount": "1"}, {"id": 4, "name": "Yellow Onion, chopped", "note": "", "unit": "", "amount": "1"}, {"id": 5, "name": "Mozzarella", "note": "Measure with your heart", "unit": "cup", "amount": "1"}, {"id": 6, "name": "Spices: salt, pepper, 7 spice, all spice", "note": "", "unit": "", "amount": ""}]',FALSE),
(73,'Kolachki','A traditional pastry filled with cream cheese and pie filling, sprinkled with powdered sugar.','00:10:00','00:20:00','20','medium','["Cream butter and cream cheese together.", "Add flour and baking powder, mix well.", "Refrigerate the dough for 2 hours.", "Roll thin and cut integeregero squares.", "Fill with pastry filling.", "Bake at 350 degrees Fahrenheit for 20 minutes.", "Sprinkle with powdered sugar while warm."]','2023-12-31 21:27:37','ca49ccb4-7cf0-4477-8f3f-90371e737b38','null','null','2023-12-31 21:27:37','[{"id": 0, "name": "cream cheese", "unit": "oz", "amount": "8"}, {"id": 1, "name": "sticks unsalted butter", "unit": "whole", "amount": "2"}, {"id": 2, "name": "flour", "unit": "cup", "amount": "2 1/2"}, {"id": 3, "name": "baking powder", "unit": "tsp", "amount": "1"}, {"id": 4, "name": "pastry filling (pie filling)", "unit": "package", "amount": "1"}, {"id": 5, "name": "powdered sugar", "unit": "package", "amount": "1"}]',FALSE),
(74,'Garlic Parmesan Orzo Pasta','This Garlic Parmesan Orzo Pasta is a delightful one-pot recipe featuring tender orzo tossed in a light and cheesy cream sauce. Simple and quick, it''s the perfect main course or side dish with a total cooking time of just 20 minutes.','00:05:00','00:15:00','4','easy','["Combine broth, pasta, garlic, salt, and pepper in a medium skillet.", "Bring to a boil over medium-high heat, then reduce to medium-low and simmer, stirring often (you can cover or leave uncovered). Cook until most of the liquid is absorbed and the pasta is cooked to your preference. (If you want to cook the pasta further but the liquid is gone, just add a splash more broth).", "Stir in cream, Parmesan, and parsley. Serve."]','2024-01-05 05:41:42','ca49ccb4-7cf0-4477-8f3f-90371e737b38',NULL,NULL,'2024-01-05 05:42:51','[{"id": 0, "name": "low sodium chicken broth", "unit": "cup", "amount": "2 1/2"}, {"id": 1, "name": "dry orzo pasta", "unit": "cup", "amount": "1 1/2"}, {"id": 2, "name": "garlic", "note": "finely minced", "unit": "clove", "amount": "2"}, {"id": 3, "name": "salt", "unit": "Teaspoon", "amount": "1/2"}, {"id": 4, "name": "black pepper", "unit": "Teaspoon", "amount": "1/4"}, {"id": 5, "name": "cream", "note": "any kind", "unit": "cup", "amount": "1/3"}, {"id": 6, "name": "shredded Parmesan cheese", "unit": "cup", "amount": "1/4"}, {"id": 7, "name": "fresh parsley", "unit": "Tablespoon", "amount": "2"}]',FALSE),
(75,'Crispy Fried Chicken','This is the ultimate recipe for the best crispy fried chicken, honed from years of experimenting and collecting tips. It emphasizes preparation and cooking method to achieve the perfect crispy texture.','00:15:00','00:35:00','4','medium','["Take your cut up chicken pieces and skin them if you prefer.", "Put the flour in a large plastic bag. Season the flour with paprika, salt, and pepper to taste.", "Dip chicken pieces in buttermilk then, a few at a time, put them in the bag with the flour, seal the bag and shake to coat well.", "Place the coated chicken on a cookie sheet or tray, and cover with a clean dish towel or waxed paper. LET SIT UNTIL THE FLOUR IS OF A PASTE-LIKE CONSISTENCY. THIS IS CRUCIAL!", "Fill a large skillet about 1/3 to 1/2 full with vegetable oil. Heat until VERY hot.", "Put in as many chicken pieces as the skillet can hold. Brown the chicken in HOT oil on both sides.", "When browned, reduce heat and cover skillet; let cook for 30 minutes. Remove cover, raise heat again, and continue to fry until crispy.", "Drain the fried chicken on paper towels. Depending on how much chicken you have, you may have to fry in a few shifts. Keep the finished chicken in a slightly warm oven while preparing the rest."]','2024-01-05 05:48:23','ca49ccb4-7cf0-4477-8f3f-90371e737b38',NULL,NULL,'2024-01-15 23:19:12','[{"id": 0, "name": "chicken", "note": "4 pounds, cut integeregero pieces", "unit": "whole", "amount": "1"}, {"id": 1, "name": "buttermilk", "unit": "cup", "amount": "1"}, {"id": 2, "name": "all-purpose flour for coating", "unit": "cup", "amount": "2"}, {"id": 3, "name": "paprika", "unit": "Teaspoon", "amount": "1"}, {"id": 4, "name": "salt and pepper", "unit": "Pinch", "amount": "2"}, {"id": 5, "name": "vegetable oil for frying", "unit": "quart", "amount": "2"}]',FALSE),
(76,'Easy Skillet Chicken Thighs','This Easy Skillet Chicken Thigh recipe with a simple garlic cream sauce is the perfect chicken dinner for easy weeknights or entertaining. Everyone loves this juicy chicken dish and it takes less than 30 minutes to make!','00:10:00','00:15:00','6','easy','["Use a paper towel to pat the chicken thighs dry.", "In a small bowl, combine the garlic powder, onion powder, paprika, salt, and black pepper. Rub the seasoning mixture all over the chicken thighs, on both sides.", "Heat a large cast iron to medium heat and add the olive oil.", "Place chicken thighs skin side down in the hot skillet and cook, until skin is crispy about 5 minutes, flip chicken thighs and cook for another 8 to 10 minutes or until integeregerernal temp is 165 degrees. Transfer chicken to a plate.", "Add the butter, shallot, and garlic to the skillet. Cook for 1 minute. Stir in the chicken broth, lemon juice, thyme, and red pepper flakes. Reduce heat to low and stir in the heavy cream. Simmer for about 5 minutes, stirring occasionally, or until sauce thickens up a bit.", "Place the chicken back in the pan with the sauce. Garnish with fresh parsley. Serve the chicken warm with the sauce.", "Store leftover chicken thighs in an airtight container in the refrigerator for up to 3 days."]','2024-01-08 03:05:31','ca49ccb4-7cf0-4477-8f3f-90371e737b38','null','null','2024-01-08 03:05:31','[{"id": 0, "name": "boneless chicken thighs, about 1 1/2 pounds", "unit": "whole", "amount": "6"}, {"id": 1, "name": "garlic powder", "unit": "Teaspoon", "amount": "1/2"}, {"id": 2, "name": "onion powder", "unit": "Teaspoon", "amount": "1/2"}, {"id": 3, "name": "paprika", "unit": "Teaspoon", "amount": "1/2"}, {"id": 4, "name": "Kosher salt and black pepper", "unit": "whole", "amount": "to taste"}, {"id": 5, "name": "olive oil", "unit": "Tablespoon", "amount": "2"}, {"id": 6, "name": "butter", "unit": "Tablespoon", "amount": "1"}, {"id": 7, "name": "small shallot, minced", "unit": "whole", "amount": "1"}, {"id": 8, "name": "garlic, minced", "unit": "clove", "amount": "3"}, {"id": 9, "name": "chicken broth", "unit": "cup", "amount": "1/2"}, {"id": 10, "name": "fresh lemon juice", "unit": "Tablespoon", "amount": "1"}, {"id": 11, "name": "sprigs fresh thyme", "unit": "whole", "amount": "2"}, {"id": 12, "name": "crushed red pepper flakes", "unit": "Teaspoon", "amount": "1/4"}, {"id": 13, "name": "heavy cream", "unit": "cup", "amount": "1/3"}, {"id": 14, "name": "Freshly chopped parsley", "unit": "whole", "amount": "for garnish"}]',FALSE),
(77,'كباب هندي','Kebab Hindi, or “Indian Kebabs”. Not sure why it’s called that, these are neither Indian nor kebabs. They are fire though!','00:00:00','00:40:00','8','easy','["Fry onions, add diced tomatoes, bouillon cube, squeeze of tomato paste, salt and pepper/spices to taste. Boil for 5 minutes.", "Spread mix integeregero a Pyrex dish", "Combine minced beef, breadcrumbs, grated onion, spices.", "Form integeregero logs and layer on top of veggie spread.", "Bake at 450 for 30-40min.", "Serve with rice."]','2024-01-11 22:21:47','b6f32b03-9d03-4ff9-8c06-08932e3d7940','{"key": "f7780762-47bd-469f-9a12-c1ed6f4a04c2-1x9930.jpeg", "url": "https://utfs.io/f/f7780762-47bd-469f-9a12-c1ed6f4a04c2-1x9930.jpeg", "name": "IMG_0132.jpeg", "size": 3209266}','null','2024-01-11 22:21:47','[{"id": 0, "name": "Diced Tomatoes", "note": "", "unit": "Can", "amount": "2"}, {"id": 1, "name": "Onion, sliced", "note": "Yellow or white", "unit": "", "amount": "1"}, {"id": 2, "name": "Small red onion, grated", "note": "", "unit": "", "amount": "1"}, {"id": 3, "name": "Bouillon cube", "note": "", "unit": "", "amount": "1"}, {"id": 4, "name": "Tomato paste", "note": "", "unit": "Squeeze", "amount": "1"}, {"id": 5, "name": "Water", "note": "", "unit": "Cup", "amount": "1/2"}, {"id": 6, "name": "Minced beef", "note": "", "unit": "Pound", "amount": "1"}, {"id": 7, "name": "Bread crumbs", "note": "", "unit": "Cup", "amount": "1/4"}, {"id": 8, "name": "Spices", "note": "All spice, 7 spice, salt, pepper", "unit": "", "amount": ""}]',FALSE),
(78,'Freekeh with Chicken','A dish featuring cooked freekeh with spices and chicken, layered with onions and almond slivers.','00:20:00','00:30:00','4','medium','["Cook chicken in instant pot with spices and onion.", "Remove chicken, save broth.", "Chop onions and fry in oil. Wash and strain freekeh, add to pan on top of onions, mix for 5 minutes until it has dried up and crisped slightly.", "Add chicken broth (1 cup freekeh = 1.5 cups of water/chicken broth).", "Layer with freekeh, chicken, roasted almond slivers."]','2024-01-11 22:30:26','ca49ccb4-7cf0-4477-8f3f-90371e737b38','null','null','2024-01-11 22:30:26','[{"id": 0, "name": "freekeh", "unit": "cup", "amount": "1"}, {"id": 1, "name": "onion, chopped", "unit": "whole", "amount": "1"}, {"id": 2, "name": "all spice", "unit": "pinch", "amount": "1"}, {"id": 3, "name": "7 spice", "unit": "pinch", "amount": "1"}, {"id": 4, "name": "salt and pepper", "unit": "pinch", "amount": "1"}, {"id": 5, "name": "cinnamon", "unit": "pinch", "amount": "1"}, {"id": 6, "name": "chicken breast", "unit": "whole", "amount": "1"}]',FALSE),
(79,'Creamy Mushroom and Goat Cheese Pasta','A savory pasta dish featuring spaghetti with a creamy mushroom and goat cheese sauce, flavored with shallots, garlic, and red pepper flakes.','00:10:00','00:20:00','4','medium','["Bring a large pot of salted water to a boil. Add spaghetti and cook until al dente.", "In a large pan, melt butter and olive oil. Add shallot, garlic, and red pepper flakes and sauté for 2-3 minutes on low/medium heat.", "Add mushrooms and sauté for another 1-2 minutes until mushrooms get soft.", "Add heavy cream and bring to a light boil for about 2 minutes, until slightly reduced.", "Add goat cheese and mix until combined.", "Add parmesan cheese and mix until combined. If the sauce is thick, it will be thinned out with pasta water.", "Taste for salt and pepper. Adjust if necessary.", "Add cooked spaghetti, adding pasta water as needed to achieve desired consistency.", "Top with fresh basil and serve immediately."]','2024-01-16 01:13:02','ca49ccb4-7cf0-4477-8f3f-90371e737b38','null','null','2024-01-16 01:13:02','[{"id": 0, "name": "spaghetti", "unit": "Gram", "amount": "400"}, {"id": 1, "name": "garlic and herb butter", "unit": "cup", "amount": "1/4"}, {"id": 2, "name": "goat cheese", "unit": "Gram", "amount": "140"}, {"id": 3, "name": "olive oil", "unit": "Tablespoon", "amount": "2"}, {"id": 4, "name": "shallot, chopped fine", "unit": "whole", "amount": "1"}, {"id": 5, "name": "garlic, chopped fine", "unit": "clove", "amount": "3"}, {"id": 6, "name": "red pepper flakes", "unit": "Teaspoon", "amount": "1/4"}, {"id": 7, "name": "heavy whipping cream", "unit": "cup", "amount": "1"}, {"id": 8, "name": "mushrooms, roughly chopped", "unit": "cup", "amount": "2"}, {"id": 9, "name": "parmesan cheese, grated", "unit": "cup", "amount": "1"}, {"id": 10, "name": "reserved pasta water", "unit": "cup", "amount": "3/4"}, {"id": 11, "name": "Salt and pepper", "unit": "whole", "amount": "to taste"}, {"id": 12, "name": "fresh basil (optional)", "unit": "whole", "amount": "as needed"}]',FALSE),
(80,'Creamy Tomato Soup','A warm and comforting creamy tomato soup made with diced tomatoes, green onions, and a touch of sugar, best served with crackers.','00:05:00','00:15:00','2','easy','["Place the green onions on the cutting board and cut off the root end with a sharp knife. Peel away the outer layer of skin. Cut the white part and about 2 inches of the green integeregero thin slices and set aside.", "Open the can of tomatoes with the can opener and pour the contents integeregero the container of the blender. Add the chicken broth, green onions, milk, sugar, 1/2 teaspoon salt, and a pinch of pepper. Put the lid securely on the blender and blend until very smooth.", "Pour the contents of the blender integeregero the medium saucepan and set the pan over high heat. Bring the soup to a boil, reduce the heat to low, and simmer, stirring frequently with a wooden spoon, until the soup thickens, about 15 minutes.", "Carefully remove the saucepan from the heat. Taste the soup and add more salt or pepper if needed. Ladle the soup integeregero bowls or mugs and serve immediately with crackers."]','2024-01-16 23:34:01','ca49ccb4-7cf0-4477-8f3f-90371e737b38','null','null','2024-01-16 23:34:01','[{"id": 0, "name": "small green (spring) onions", "unit": "whole", "amount": "3"}, {"id": 1, "name": "can diced tomatoes", "unit": "Ounce", "amount": "14.5"}, {"id": 2, "name": "chicken broth", "unit": "cup", "amount": "1"}, {"id": 3, "name": "milk", "unit": "cup", "amount": "1/4"}, {"id": 4, "name": "sugar", "unit": "Teaspoon", "amount": "1"}, {"id": 5, "name": "salt and pepper", "unit": "whole", "amount": "to taste"}]',FALSE),
(81,'Favorite Grilled Cheese Sandwich','A gourmet grilled cheese sandwich featuring whole grain sourdough, sharp cheddar, Dijon mustard, and green onions. Cooked to golden perfection on a stovetop.','00:05:00','00:10:00','1','easy','["Spread Dijon mustard lightly across one side of one slice of bread.", "Stir the green onion integeregero the grated cheese, and set aside.", "Melt 1 teaspoon butter in a skillet over medium heat. Place the slice of bread with mustard in the skillet, mustard side up.", "Top with the oniony cheese. Cover with the second slice of bread. Cover the skillet with a lid and cook until the bread is golden on the underside.", "Remove the sandwich, add another pat of butter to the skillet. Carefully flip the sandwich to cook on the other side until golden and the cheese has melted.", "Optional: For a cheesy crust, sprinkle additional cheese in the pan, and flip the sandwich onto the cheese. Cook until the sizzle stops and a few seconds longer.", "Let the sandwich cool for a minute, cut in half with a serrated knife, and serve warm."]','2024-01-16 23:37:54','ca49ccb4-7cf0-4477-8f3f-90371e737b38','null','null','2024-01-16 23:37:54','[{"id": 0, "name": "whole grain sourdough bread", "unit": "slice", "amount": "2"}, {"id": 1, "name": "Dijon mustard", "unit": "Teaspoon", "amount": "1 1/2"}, {"id": 2, "name": "sharp cheddar cheese, freshly grated", "unit": "cup", "amount": "1"}, {"id": 3, "name": "green onion, chopped, green parts only", "unit": "Teaspoon", "amount": "2"}, {"id": 4, "name": "unsalted butter", "unit": "Teaspoon", "amount": "2"}]',FALSE),
(82,'Best Chocolate Chip Cookies','These chocolate chip cookies are soft and gooey on the inside, crisp and chewy on the outside, mixed by hand and ready in 30 minutes with no chill time.','00:15:00','00:15:00','9','easy','["Preheat the oven to 350F (175C) and line a large baking sheet with parchment paper.", "Whisk together flour, baking soda, baking powder, and salt in a medium sized bowl. Set aside.", "In a large bowl, whisk together melted and cooled butter, brown sugar, and granulated sugar for 1-2 minutes until paste-like.", "Whisk in the egg and vanilla until smooth.", "Fold in dry ingredients with a rubber spatula, leaving a few streaks of flour. Add chocolate chips and fold until evenly distributed and no flour streaks remain.", "Scoop 5 large cookies onto the baking sheet with a 2oz cookie scoop or 1/4 cup measure and bake for 12-15 minutes. For smaller cookies, scoop 6 and bake for 10-12 minutes.", "Cookies are done when edges are golden but centers are pale and puffed. If they spread too much, nudge in the sides with a fork immediately after baking.", "Top fresh cookies with extra chocolate chips and a sprinkle of sea salt.", "Transfer to a cooling rack and cool for about 20 minutes before serving."]','2024-01-24 01:24:36','ca49ccb4-7cf0-4477-8f3f-90371e737b38','null','null','2024-02-09 09:38:25','[{"id": 0, "name": "all-purpose flour", "unit": "cup", "amount": "1 1/4"}, {"id": 1, "name": "baking soda", "unit": "Teaspoon", "amount": "1/2"}, {"id": 2, "name": "baking powder", "unit": "Teaspoon", "amount": "1/2"}, {"id": 3, "name": "salt", "unit": "Teaspoon", "amount": "3/4"}, {"id": 4, "name": "unsalted butter, melted and cooled", "unit": "cup", "amount": "1/2"}, {"id": 5, "name": "light brown sugar, packed", "unit": "cup", "amount": "1/2"}, {"id": 6, "name": "granulated sugar", "unit": "cup", "amount": "1/3"}, {"id": 7, "name": "vanilla extract", "unit": "Teaspoon", "amount": "2"}, {"id": 8, "name": "large egg", "unit": "whole", "amount": "1"}, {"id": 9, "name": "semisweet chocolate chips", "unit": "cup", "amount": "1 1/2"}, {"id": 10, "name": "flaky sea salt", "unit": "whole", "amount": "as needed"}]',FALSE),
(84,'Jackson Oxler''s Creamy Tortellini Soup','**Jackson Oxler’s Grandma’s Creamy Tortellini Soup','00:00:00','00:25:00','4','easy','["In a large heavy-bottomed pot over medium heat, add the Italian sausage. Cook, stirring occasionally and breaking up the meat as you go, for about 8-10 minutes, or until the meat is no longer pink. Drain excess grease if necessary.", "Add diced onions and carrots to the pot. Cook until they are translucent (about 3-5 minutes).", "Add the tomatoes, tomato paste, chicken broth, garlic, Italian seasoning, salt, and pepper. Stir to combine and bring to a simmer.", "Add tortellini, heavy cream, and spinach. Stir to combine.", "Allow the soup to simmer until the tortellini is tender and the spinach is wilted (about 8-10 minutes).", "Serve garnished with shaved parmesan and crusty bread."]','2024-02-09 06:23:07','b6f32b03-9d03-4ff9-8c06-08932e3d7940','{"key": "a7be8c47-492e-4dd5-884c-dcfa676a42b3-1x9f47.jpeg", "url": "https://utfs.io/f/a7be8c47-492e-4dd5-884c-dcfa676a42b3-1x9f47.jpeg", "name": "IMG_0979.jpeg", "size": 3552768}',NULL,'2024-03-09 19:07:02','[{"id": 0, "name": "ground mild Italian vegan sausage", "unit": "pound", "amount": "1"}, {"id": 1, "name": "yellow onion", "note": "diced (approximately 1/2 cup)", "unit": "medium", "amount": "1"}, {"id": 2, "name": "carrot", "note": "diced", "unit": "small", "amount": "1"}, {"id": 4, "name": "tomato paste", "unit": "tablespoon", "amount": "2"}, {"id": 5, "name": "chicken broth", "note": "720 g", "unit": "cup", "amount": "3"}, {"id": 6, "name": "garlic", "note": "minced", "unit": "teaspoon", "amount": "2"}, {"id": 7, "name": "Italian seasoning", "unit": "teaspoon", "amount": "2"}, {"id": 8, "name": "kosher salt", "unit": "teaspoon", "amount": "1"}, {"id": 9, "name": "black pepper", "unit": "teaspoon", "amount": "1"}, {"id": 10, "name": "fresh cheese tortellini", "note": "20 ounces, refrigerated", "unit": "bag", "amount": "1"}, {"id": 11, "name": "heavy cream", "note": "238 g", "unit": "cup", "amount": "1"}, {"id": 12, "name": "fresh spinach", "unit": "cup", "amount": "2"}, {"id": 13, "name": "parmesan cheese", "note": "shaved, for garnish", "unit": "Sprinkle", "amount": ""}]',FALSE),
(86,'“Perfect Chili”','A straightforward recipe for making perfect chili every time!','00:15:00','00:45:00','6','easy','["Brown the ground beef with onions, then drain excess fat.", "Add diced jalapeno, minced garlic, diced green bell pepper and sauté.", "Stir in chili powder, cumin, and tomato paste.", "Add crushed tomatoes, diced tomatoes with juice, kidney beans, beef broth or beer.", "Let simmer and add brown sugar, salt, and pepper to taste."]','2024-02-09 21:05:07','28517b82-9eda-4e1f-9a8f-34e0d917e232','null','null','2024-02-09 21:05:07','[{"id": 0, "name": "lean Ground Beef", "unit": "Pound", "amount": "2"}, {"id": 1, "name": "Onion", "note": "diced", "unit": "whole", "amount": "1"}, {"id": 2, "name": "Jalapeno", "unit": "whole", "amount": "1"}, {"id": 3, "name": "Garlic", "unit": "clove", "amount": "4"}, {"id": 4, "name": "Chili Powder", "note": "divided (or to taste)", "unit": "tb", "amount": "2.5"}, {"id": 6, "name": "Green Bell Pepper", "unit": "whole", "amount": "1"}, {"id": 5, "name": "Cumin", "unit": "teaspoon", "amount": "1"}, {"id": 7, "name": "crushed Tomatoes", "unit": "Ounce", "amount": "14 1/2"}, {"id": 8, "name": "Kidney Beans", "unit": "Ounce", "amount": "19"}, {"id": 9, "name": "diced Tomatoes with juice", "unit": "Ounce", "amount": "14 1/2"}, {"id": 10, "name": "Beef Broth or Beer", "unit": "cup", "amount": "1 1/2"}, {"id": 11, "name": "Tomato Paste", "unit": "tb", "amount": "1"}, {"id": 12, "name": "Brown Sugar", "note": "optional", "unit": "tb", "amount": "1"}, {"id": 13, "name": "Salt", "note": "to taste", "unit": "whole", "amount": ""}, {"id": 14, "name": "Pepper", "note": "to taste", "unit": "whole", "amount": ""}]',FALSE),
(87,'Enchiladas Acapulco','Savory enchiladas with a blend of ground beef, tomato sauce, kidney beans, and Velveeta cheese, baked to perfection and topped with chopped green peppers and tomatoes.','00:20:00','00:30:00','8','medium','["Brown meat, drain.", "Add tomato sauce & 1/2 cup onions. Cook over medium heat 5 minutes.", "Dip tortillas in hot oil, drain. Fill each with 1/4 cup meat mixture, roll up.", "Place seam side down in 12 x 8 baking dish.", "Cook till cheese melts.", "Bake at 350 degrees for 20 min.", "Top with remaining cheese, bake uncovered 5-8 min.", "Top with remaining peppers & tomatoes. Serve."]','2024-02-09 23:18:11','ca49ccb4-7cf0-4477-8f3f-90371e737b38','null','null','2024-02-09 23:18:11','[{"id": 0, "name": "ground beef", "unit": "Pound", "amount": "2"}, {"id": 1, "name": "tomato sauce", "unit": "Ounce", "amount": "1 1/2"}, {"id": 2, "name": "kidney beans", "note": "drained", "unit": "Ounce", "amount": "1 3/4"}, {"id": 3, "name": "tortillas", "unit": "whole", "amount": "6"}, {"id": 4, "name": "Velveeta Mexican Cheese Spread", "note": "cubed", "unit": "Pound", "amount": "1/2"}, {"id": 5, "name": "chopped green pepper", "unit": "cup", "amount": "3/4"}, {"id": 6, "name": "chopped tomato", "unit": "cup", "amount": "1 1/2"}]',FALSE),
(91,'Butternut Squash Pasta','A hearty pasta dish featuring butternut squash, fresh sage leaves, and grated Parmesan cheese.','00:30:00','00:30:00','4-6','medium','["Peel, seed and cut the butternut squash integeregero 3/4-inch pieces.", "Mince the garlic cloves.", "Zest the lemon to get about 1 tablespoon of zest.", "Chop the walnuts.", "Cook the pasta according to the package instructions.", "In a pan, heat the olive oil and cook the butternut squash with garlic, salt, and pepper.", "Add the fresh sage leaves to the squash when it''s almost cooked.", "Mix the cooked pasta with the squash mixture.", "Add chicken or vegetable stock as needed to keep the pasta moist.", "Stir in the lemon zest and chopped walnuts.", "Serve with freshly grated Parmesan cheese on top."]','2024-02-12 15:23:06','339263e3-82d2-480d-a7c0-d70858fc2ccb','null','null','2024-02-12 15:23:06','[{"id": 0, "name": "butternut squash", "note": "peeled, seeded and cut integeregero 3/4-inch pieces", "unit": "Pound", "amount": "2 1/2"}, {"id": 1, "name": "garlic", "unit": "clove", "amount": "2"}, {"id": 2, "name": "olive oil", "unit": "tb", "amount": "5"}, {"id": 3, "name": "kosher salt", "unit": "", "amount": ""}, {"id": 4, "name": "black pepper", "unit": "", "amount": ""}, {"id": 5, "name": "fresh sage leaves", "note": "packed", "unit": "cup", "amount": "3/4"}, {"id": 6, "name": "walnuts", "note": "chopped", "unit": "cup", "amount": "3/4"}, {"id": 7, "name": "lemon", "note": "zested (about 1 tablespoon)", "unit": "whole", "amount": "1"}, {"id": 8, "name": "low-sodium chicken or vegetable stock", "note": "plus more as needed", "unit": "cup", "amount": "1"}, {"id": 9, "name": "short pasta", "note": "such as gemelli, casarecce or penne", "unit": "Pound", "amount": "1"}, {"id": 10, "name": "Parmesan cheese", "note": "freshly grated, plus more for serving", "unit": "cup", "amount": "1/2"}]',FALSE),
(92,'Chicken Marsala Recipe','Easy restaurant-style Chicken Marsala made from the comfort of your own kitchen. This recipe features pan-fried juicy chicken topped with a creamy marsala wine sauce.','00:10:00','00:20:00','4','medium','["Cut chicken breasts in half lengthwise to make 4 even cutlets. Place between plastic wrap and pound until 1/3\" thick. Season chicken all over with 1/2 tsp salt and 1/4 tsp pepper, dredge in flour (shaking off the excess) and then set aside.", "Heat a large heavy-bottomed pan over medium heat. Add 2 Tbsp olive oil and 1 Tbsp butter. Once butter and oil are hot, add dredged chicken and saute until golden and cooked through; about 3-4 minutes per side (don''t over-cook). Set chicken aside and tent with foil to keep warm.", "Add more oil to the pan if needed along with mushrooms and saute until excess liquid from mushrooms evaporates and mushrooms are golden brown (5 min). Stir in 1/2 tsp onion powder and 2 minced garlic cloves and saute another 30 seconds or until fragrant.", "Add 3/4 cup marsala wine, scraping the bottom of the pan. Increase the heat and cook until mostly reduced down (4-5 min) then add 3/4 cup chicken stock and while stirring add 1/2 cup heavy cream in a steady stream. Lower the heat to keep at a simmer and continue to simmer and reduce sauce another 4-5 minutes until slightly thickened. Season sauce with 1/4 tsp salt or season to taste.", "Return chicken to pan and sprinkle the tops with 2 Tbsp chopped parsley. Spoon the sauce over the chicken and keep on the heat until heated through and the sauce has thickened to your desired consistency (2 minutes). Keep in mind, the sauce will thicken more as it cools."]','2024-02-19 17:09:57','ca49ccb4-7cf0-4477-8f3f-90371e737b38','null','null','2024-02-19 17:09:57','[{"id": 0, "name": "chicken breast", "note": "2 large", "unit": "Pound", "amount": "1 1/4"}, {"id": 1, "name": "salt", "note": "or to taste", "unit": "teaspoon", "amount": "1/2"}, {"id": 2, "name": "black pepper", "note": "or to taste", "unit": "teaspoon", "amount": "1/4"}, {"id": 3, "name": "all-purpose flour", "note": "for dredging", "unit": "cup", "amount": "1/4"}, {"id": 4, "name": "olive oil", "unit": "Tablespoon", "amount": "2"}, {"id": 5, "name": "unsalted butter", "unit": "Tablespoon", "amount": "1"}, {"id": 6, "name": "brown button mushrooms", "note": "halved or thickly sliced if very large", "unit": "Ounce", "amount": "8"}, {"id": 7, "name": "onion powder", "unit": "teaspoon", "amount": "1/2"}, {"id": 8, "name": "garlic", "note": "minced", "unit": "clove", "amount": "2"}, {"id": 9, "name": "dry marsala wine", "note": "not sweet", "unit": "cup", "amount": "3/4"}, {"id": 10, "name": "chicken stock", "note": "reduced-sodium", "unit": "cup", "amount": "3/4"}, {"id": 11, "name": "heavy whipping cream", "unit": "cup", "amount": "1/2"}, {"id": 12, "name": "parsley", "note": "finely chopped", "unit": "Tablespoon", "amount": "2"}]',FALSE),
(93,'Viral Lasagna Soup','Delicious and comforting soup with all the flavors of traditional lasagna','00:15:00','00:30:00','6','','["In a medium bowl, combine parm, ricotta, mozzarella, parsley, salt and pepper. Set aside.", "In a large soup pot or dutch oven, heat olive oil over medium heat. Add onion with a pinch of salt and cook for 4 minutes. Add garlic and cook until fragrant, about 30 seconds.", "Add sausage and beef, breaking integeregero pieces with a wooden spoon. Cook for a few minutes and then season with salt, pepper, basil, oregano, parsley, Italian seasoning, red pepper, and Tony''s. Cook until no longer pink.", "Add tomato paste and stir. Cook for a couple minutes. Pour in chicken broth and marinara. Bring to a boil.", "Add lasagna pieces, reduce heat, and simmer for about 10 minutes or until al dente, stirring occasionally.", "Once noodles are done, add heavy cream and torn fresh basil. Adjust seasonings if needed. Stir, serve, and top with a dollop of ricotta mixture. Enjoy!"]','2024-02-19 17:51:54','ca49ccb4-7cf0-4477-8f3f-90371e737b38','null','null','2024-02-19 17:51:54','[{"id": 0, "name": "yellow onion", "note": "diced (about a cup)", "unit": "whole", "amount": "1/2"}, {"id": 1, "name": "garlic", "note": "minced, to taste", "unit": "clove", "amount": "6-8"}, {"id": 2, "name": "hot or mild Italian sausage", "unit": "Pound", "amount": "1"}, {"id": 3, "name": "tomato paste", "unit": "tb", "amount": "2"}, {"id": 4, "name": "salt and pepper", "unit": "whole", "amount": ""}, {"id": 5, "name": "Tony''s Seasoning", "note": "to taste", "unit": "teaspoon", "amount": "1-2"}, {"id": 6, "name": "dried basil", "unit": "teaspoon", "amount": "1"}, {"id": 7, "name": "dried parsley", "unit": "teaspoon", "amount": "1"}, {"id": 8, "name": "dried oregano", "unit": "teaspoon", "amount": "1"}, {"id": 9, "name": "Italian seasoning", "unit": "teaspoon", "amount": "1"}, {"id": 10, "name": "red pepper", "note": "to taste", "unit": "teaspoon", "amount": "1/2"}, {"id": 11, "name": "marinara", "unit": "Ounce", "amount": "24"}, {"id": 12, "name": "heavy cream", "unit": "cup", "amount": "1/2"}, {"id": 13, "name": "chicken stock", "note": "depending on desired consistency", "unit": "cup", "amount": "4-6"}, {"id": 14, "name": "Lasagna noodles", "note": "broken integeregero pieces", "unit": "Pound", "amount": "1/2"}, {"id": 15, "name": "fresh basil", "unit": "whole", "amount": ""}, {"id": 16, "name": "parm", "unit": "cup", "amount": "1"}, {"id": 17, "name": "ricotta", "unit": "cup", "amount": "1"}, {"id": 18, "name": "mozzarella", "unit": "cup", "amount": "1"}, {"id": 19, "name": "fresh parsley", "unit": "cup", "amount": "1/4"}]',FALSE),
(94,'Gyro Wrap/Bowl','Quick and easy wrap featuring garlic naan, gyro slices, tzatziki, and tomatoes.','00:02:00','00:10:00','2','easy','["Preheat the oven to 400. Place 2 pieces of garlic naan on a baking sheet and heat for 2 minutes or until heated through.", "Heat a non-stick pan and add the gyro slices. No need to add oil. Cook for 1-2 minutes on each side.", "Assemble the wraps. Spread a layer of garlic spread onto the naan, then add the gyro slices and top with tzatziki and tomatoes. Serve with a side of rice or veggie."]','2024-02-22 17:18:39','b6f32b03-9d03-4ff9-8c06-08932e3d7940','{"key": "02015293-5cd1-47f4-abd5-511bbf09a89f-1xciww.jpeg", "url": "https://utfs.io/f/02015293-5cd1-47f4-abd5-511bbf09a89f-1xciww.jpeg", "name": "IMG_5504.jpeg", "size": 2595177}',NULL,'2024-03-04 15:32:11','[{"id": 0, "name": "Garlic Naan", "unit": "Pieces", "amount": "2"}, {"id": 1, "name": "Garlic Spread Dip", "unit": "Ounce", "amount": "8"}, {"id": 2, "name": "Mini Tomatoes", "note": "halved", "unit": "whole", "amount": "1"}, {"id": 3, "name": "Tzatziki", "unit": "Ounce", "amount": "12"}, {"id": 4, "name": "Gyro Slices", "unit": "Pieces", "amount": "8"}]',FALSE),
(95,'Ground Turkey and Sweet Potato Curry','','00:15:00','00:30:00','4','medium','["In a large pot or dutch oven, heat the olive oil over medium heat.", "Add the onion, garlic, and ginger, and sauté for 2-3 minutes until softened.", "Add the ground turkey to the pot, breaking it up integeregero small pieces with a spatula or spoon.", "Cook the turkey, stirring occasionally, until it is browned and no longer pink.", "Add the diced sweet potatoes, curry powder, cumin, cayenne pepper, and salt to the pot, and stir to combine.", "Add the canned tomatoes, chickpeas, and chicken or vegetable broth to the pot, and stir to combine.", "Increase the heat to high and bring the mixture to a boil.", "Once boiling, reduce the heat to low and simmer the curry for 20-25 minutes, or until the sweet potatoes are tender and cooked through.", "Serve the curry hot, garnished with fresh cilantro and a squeeze of lime juice, if desired."]','2024-03-03 23:16:19','b6f32b03-9d03-4ff9-8c06-08932e3d7940','{"key": "895c1cd5-85bd-4d37-8b45-a66fe79fcbcc-1xcjp7.jpeg", "url": "https://utfs.io/f/895c1cd5-85bd-4d37-8b45-a66fe79fcbcc-1xcjp7.jpeg", "name": "IMG_5620.jpeg", "size": 2670771}',NULL,'2024-03-04 15:25:27','[{"id": 0, "name": "ground turkey", "unit": "Pound", "amount": "1"}, {"id": 1, "name": "sweet potatoes", "note": "peeled and diced", "unit": "whole", "amount": "2"}, {"id": 2, "name": "onion", "note": "diced", "unit": "whole", "amount": "1"}, {"id": 3, "name": "garlic", "note": "minced", "unit": "clove", "amount": "2"}, {"id": 4, "name": "fresh ginger", "note": "grated", "unit": "tb", "amount": "1"}, {"id": 5, "name": "curry powder", "unit": "tb", "amount": "1"}, {"id": 6, "name": "ground cumin", "unit": "teaspoon", "amount": "1"}, {"id": 7, "name": "cayenne pepper", "unit": "teaspoon", "amount": "1/4"}, {"id": 8, "name": "salt", "unit": "teaspoon", "amount": "1/4"}, {"id": 9, "name": "diced tomatoes", "note": "14 oz", "unit": "can", "amount": "1"}, {"id": 10, "name": "chickpeas", "note": "14 oz, drained and rinsed", "unit": "can", "amount": "1"}, {"id": 11, "name": "chicken or vegetable broth", "unit": "cup", "amount": "1"}, {"id": 12, "name": "olive oil", "unit": "tb", "amount": "1"}, {"id": 13, "name": "optional garnish", "note": "fresh cilantro, lime wedges", "unit": "whole", "amount": ""}]',FALSE),
(96,'Freekeh','','00:00:00','00:00:00','4','medium','["Cook chicken in instant pot with spices and onion", "Remove chicken, save broth.", "Chop onions and fry in oil. Wash and strain freekeh, add to pan on top of onions, mix for 5 minutes until it has dried up and crisped slightly.", "Add chicken broth (1 cup freekeh = 1.5 cup of water/chicken broth).", "Layer with freekeh, chicken, roasted almond slivers."]','2024-03-04 15:19:50','b6f32b03-9d03-4ff9-8c06-08932e3d7940','null','null','2024-03-04 15:19:50','[{"id": 0, "name": "freekeh", "unit": "cup", "amount": "1"}, {"id": 1, "name": "onion", "note": "chopped", "unit": "whole", "amount": "1"}, {"id": 2, "name": "spices (all spice, 7 spice, S&P, cinnamon pinch)", "unit": "", "amount": ""}, {"id": 3, "name": "chicken breast", "unit": "whole", "amount": "2"}]',FALSE),
(97,'Chicken Fajitas','','00:10:00','00:20:00','4','easy','["Heat the olive oil in a large skillet over medium-high heat.", "Add the chicken strips to the skillet and sprinkle with the chili powder, paprika, cumin, salt, and pepper. Cook for 5-7 minutes, stirring occasionally, until the chicken is cooked through.", "Add the sliced peppers and onion to the skillet and cook for an additional 3-5 minutes, until the vegetables are tender.", "Warm the tortillas in a separate skillet or in the microwave.", "Serve the fajita mixture on the warm tortillas and add desired toppings."]','2024-03-04 15:20:58','b6f32b03-9d03-4ff9-8c06-08932e3d7940','null','null','2024-03-04 15:20:58','[{"id": 0, "name": "chicken breasts", "note": "sliced integeregero strips", "unit": "Pound", "amount": "1"}, {"id": 1, "name": "red bell pepper", "note": "sliced", "unit": "whole", "amount": "1"}, {"id": 2, "name": "green bell pepper", "note": "sliced", "unit": "whole", "amount": "1"}, {"id": 3, "name": "onion", "note": "sliced", "unit": "whole", "amount": "1"}, {"id": 4, "name": "olive oil", "unit": "tb", "amount": "1"}, {"id": 5, "name": "chili powder", "unit": "teaspoon", "amount": "2"}, {"id": 6, "name": "paprika", "unit": "teaspoon", "amount": "1"}, {"id": 7, "name": "cumin", "unit": "teaspoon", "amount": "1"}, {"id": 8, "name": "Salt and pepper", "note": "to taste", "unit": "", "amount": ""}, {"id": 9, "name": "Flour or corn tortillas", "unit": "", "amount": ""}, {"id": 10, "name": "Optional toppings: shredded cheese, sour cream, diced tomatoes, avocado, cilantro", "unit": "", "amount": ""}]',FALSE),
(98,'Lemony Chicken & Orzo','','00:15:00','00:15:00','4','medium','["Heat 2 teaspoons of the olive oil in a large non-stick or cast iron skillet over medium-high heat. When the skillet is hot add in the chicken and season with salt and pepper. Sauté until the chicken is thoroughly cooked then remove it from the skillet onto a plate.", "Add the remaining 1 teaspoon of olive oil to the skillet then add in the onion. Sauté for one minute or until the onion starts to soften.", "Add in the orzo and garlic and sauté for about a minute. Pour in the chicken broth, stir everything together and bring it to a boil.", "Once boiling, cover with a lid and reduce the heat to medium-low. Simmer for approximately 5 minutes and then add the asparagus. Simmer covered for an additional 5 minutes, then add the spinach. Cook for one minute or until spinach is wilted. Remove the lid and if there is any excess liquid remaining continue to cook uncovered for another minute.", "Add the cooked chicken back integeregero the skillet and stir in the lemon zest, lemon juice and Parmesan cheese until everything is combined. Garnish with more Parmesan cheese, if desired. Serve immediately and enjoy"]','2024-03-04 15:23:09','b6f32b03-9d03-4ff9-8c06-08932e3d7940','{"key": "dd0c9fd0-53a6-4d77-ba6f-e9f234518866-1xcie1.jpeg", "url": "https://utfs.io/f/dd0c9fd0-53a6-4d77-ba6f-e9f234518866-1xcie1.jpeg", "name": "IMG_5497.jpeg", "size": 2701880}','null','2024-03-04 15:23:09','[{"id": 0, "name": "olive oil", "note": "divided", "unit": "teaspoon", "amount": "3"}, {"id": 1, "name": "boneless skinless chicken breasts", "note": "cut integeregero bite sized pieces", "unit": "Pound", "amount": "1"}, {"id": 2, "name": "chopped onion", "unit": "cup", "amount": "1/4"}, {"id": 3, "name": "orzo", "unit": "cup", "amount": "1"}, {"id": 4, "name": "garlic", "note": "minced", "unit": "clove", "amount": "2"}, {"id": 5, "name": "low sodium chicken broth", "unit": "cup", "amount": "2 1/4"}, {"id": 6, "name": "fresh asparagus", "note": "cut integeregero 1″ pieces", "unit": "cup", "amount": "1"}, {"id": 7, "name": "spinach", "note": "or kale", "unit": "Ounce", "amount": "3 to 5"}, {"id": 8, "name": "lemon", "note": "zest and juice", "unit": "whole", "amount": "1"}, {"id": 9, "name": "shredded Parmesan cheese", "note": "plus more for serving", "unit": "cup", "amount": "1/2"}]',FALSE),
(99,'Curry Chicken Stir Fry','Here''s another meal with this flavor-packed Thai Yellow Curry that will have you eating every last vegetable on your plate and reaching for seconds.','00:05:00','00:15:00','2-3','easy','["Heat 1 tablespoon olive oil in a skillet and cook the stir fry for 15 minutes, stirring occasionally.", "Microwave the rice for 3 minutes.", "In a medium or large sized saucepan, combine the entire jar of Yellow Curry with half of the can of Coconut Cream (shake well first). Heat until simmering.", "Add the chicken and stir fry veggies to the saucepan with the curry, season with Umami seasoning and stir to combine. Heat together for a few minutes longer.", "Serve along with the rice."]','2024-03-04 15:30:03','b6f32b03-9d03-4ff9-8c06-08932e3d7940','{"key": "c3c73a1c-6fbb-48e3-bb7b-a15f59616a44-1xciaf.jpeg", "url": "https://utfs.io/f/c3c73a1c-6fbb-48e3-bb7b-a15f59616a44-1xciaf.jpeg", "name": "IMG_5451.jpeg", "size": 2383716}','null','2024-03-04 15:30:03','[{"id": 0, "name": "Just Chicken", "unit": "Ounce", "amount": "16"}, {"id": 1, "name": "Asian Style Vegetable Stir Fry", "unit": "Ounce", "amount": "18"}, {"id": 2, "name": "Thai Yellow Curry Sauce", "unit": "Ounce", "amount": "11"}, {"id": 3, "name": "Jasmine Rice", "unit": "package", "amount": "2"}, {"id": 4, "name": "Coconut Cream", "note": "or Coconut Milk", "unit": "can", "amount": "1/2"}, {"id": 5, "name": "Olive oil", "unit": "tb", "amount": "1"}, {"id": 6, "name": "Umami Seasoning", "unit": "whole", "amount": ""}]',FALSE),
(100,'Beef Rice Bowl','','00:00:00','00:20:00','2','easy','["Slice the beef integeregero thin, bite sized pieces.", "Heat a skillet and place the beef slices in an even layer. No need to add oil. Cook for 3-4 minutes on each side until slightly browned, then remove to a paper towel lined plate and set aside.", "In a small bowl, whisk together the Soyaki and honey. Then add the sauce to a pan and heat until simmering, about 5 minutes. Lower the heat and add the pork belly slices, coating them in the Soyaki-Honey sauce. Heat for 2-3 minutes.", "Bring a pot of water to a boil, then using a ladle, gently drop the eggs integeregero the boiling water and cook for 6-6 1/2 minutes.", "Fill a bowl with cold water and ice and as soon as the eggs are done cooking, place them immediately integeregero the ice bath for at least 5 minutes, then peel and slice in half. The eggs should be slightly runny.", "Microwave the pouch (or pouches) of rice for 3 minutes.", "Assemble the bowls by dividing the rice, then serve the beef on top, and the eggs. Top with sliced green onions, sriracha-mayo, and a soft boiled egg, if desired."]','2024-03-04 15:39:38','b6f32b03-9d03-4ff9-8c06-08932e3d7940','{"key": "8c52c5b6-9d07-4831-a5be-ef6c390fdced-1xej19.jpeg", "url": "https://utfs.io/f/8c52c5b6-9d07-4831-a5be-ef6c390fdced-1xej19.jpeg", "name": "IMG_8988.jpeg", "size": 1896174}',NULL,'2024-03-09 19:08:16','[{"id": 0, "name": "Beef", "note": "sliced", "unit": "Ounce", "amount": "12"}, {"id": 1, "name": "Soyaki", "unit": "tablespoon", "amount": "4"}, {"id": 2, "name": "Honey", "unit": "tablespoon", "amount": "3"}, {"id": 3, "name": "Eggs", "note": "soft boiled", "unit": "whole", "amount": "2"}, {"id": 4, "name": "Jasmine Rice", "unit": "pouche", "amount": "1-2"}, {"id": 5, "name": "Green Onion", "note": "optional", "unit": "", "amount": ""}, {"id": 6, "name": "Black Garlic", "note": "optional", "unit": "", "amount": ""}]',FALSE),
(101,'Syrian Lentil Soup','A hearty and flavorful soup that is quick to make, perfect for serving with pita croutons and lemon wedges.','00:10:00','00:20:00','6-8','easy','["Add olive oil, onion, carrots, potato and 2 tsp kosher salt to a heavy-bottomed pot over medium heat. Cook, stirring occasionally, until softened, about 5-7 minutes.", "Add garlic, parsley, and pepper paste. Cook until fragrant, about another minute. Add lentils, 6 c of water and 3 tsp kosher salt (only 1 if using table salt). Bring to a boil, reduce to simmer, cover and cook until lentils have opened, about 20 minutes.", "Puree with a hand blender or transfer to an upright blender in batches. Adjust seasoning and serve with pita croutons and lemon wedges.", "Can be made up to 2 days ahead. Reheat before serving by stirring frequently over medium heat, uncovered, until just before boiling. You may need to add water if it''s thickened after sitting."]','2024-03-10 19:31:39','b6f32b03-9d03-4ff9-8c06-08932e3d7940','{"key": "a2c67a77-1e75-4b3f-bd02-59039b8f89c3-1xcj4q.jpeg", "url": "https://utfs.io/f/a2c67a77-1e75-4b3f-bd02-59039b8f89c3-1xcj4q.jpeg", "name": "IMG_5597.jpeg", "size": 3506927}',NULL,'2024-03-10 19:33:32','[{"id": 0, "name": "extra virgin olive oil", "unit": "Tablespoon", "amount": "2"}, {"id": 1, "name": "medium onion, chopped", "unit": "whole", "amount": "1"}, {"id": 2, "name": "carrots, peeled and chopped", "unit": "whole", "amount": "2"}, {"id": 3, "name": "small potato, peeled and chopped", "unit": "whole", "amount": "1"}, {"id": 4, "name": "garlic, smashed", "unit": "clove", "amount": "4"}, {"id": 5, "name": "chopped parsley", "unit": "cup", "amount": "1/2"}, {"id": 6, "name": "yellow or red lentils", "unit": "cup", "amount": "1"}, {"id": 7, "name": "Diamond Crystal kosher salt, divided (half if using table salt)", "unit": "Teaspoon", "amount": "5"}, {"id": 8, "name": "Aleppo pepper paste or flakes", "unit": "Tablespoon", "amount": "1"}, {"id": 9, "name": "lemons, quartered", "unit": "whole", "amount": "2"}]',FALSE),
(102,'Msakhan Egg Rolls','Delicious egg rolls with a Middle Eastern twist.','00:20:00','00:25:00','4','medium','["Preheat oven to 375°F (190°C).", "In a skillet, cook the onions and sumac in olive oil until onions are caramelized. Remove from heat and let cool.", "In a bowl, mix together the cooked chicken, parsley, pine nuts, and onion mixture.", "Place an egg roll wrapper on a clean surface. Spoon the chicken mixture onto the wrapper and roll tightly, tucking in the sides as you go.", "Place the rolled egg rolls on a baking sheet lined with parchment paper.", "Bake in the preheated oven for 20-25 minutes or until golden brown and crispy.", "Serve hot and enjoy!"]','2024-03-14 22:35:42','b6f32b03-9d03-4ff9-8c06-08932e3d7940','{"key": "7ca58d76-2bc7-4574-bc58-8c90fae84d74-1x9wsj.jpeg", "url": "https://utfs.io/f/7ca58d76-2bc7-4574-bc58-8c90fae84d74-1x9wsj.jpeg", "name": "IMG_1228.jpeg", "size": 1856582}','null','2024-03-14 22:35:42','[{"id": 0, "name": "olive oil", "note": "for cooking the onions", "unit": "tb", "amount": "2"}, {"id": 1, "name": "onions", "note": "sliced", "unit": "whole", "amount": "2"}, {"id": 2, "name": "sumac", "unit": "tb", "amount": "1"}, {"id": 3, "name": "cooked chicken", "note": "shredded", "unit": "cup", "amount": "2"}, {"id": 4, "name": "parsley", "note": "chopped", "unit": "cup", "amount": "1/4"}, {"id": 5, "name": "pine nuts", "note": "toasted", "unit": "cup", "amount": "1/4"}, {"id": 6, "name": "egg roll wrappers", "unit": "whole", "amount": "8"}]',FALSE),
(103,'Chicken Marsala','Delicious chicken marsala recipe with a flavorful sauce.','00:20:00','00:30:00','4','','["Start by slicing chicken breasts in half and pounding them to tenderize them, reducing cooking time.", "Toss chicken integeregero a bowl and coat with seasoned flour, salt, and pepper.", "In a large skillet, heat up oil on medium low heat. Cook chicken breasts for 4-5 minutes on each side until golden brown. Remove from heat onto a paper towel-lined plate and season with salt and pepper.", "In the same pan, add onions and cook for 1-2 minutes until lightly golden brown. Add in mushrooms and deglaze the pan by adding Marsala wine. Stir and let reduce for 1-2 minutes.", "Add chicken bone broth, garlic, Italian seasoning, thyme, balsamic vinegar, and let simmer for a minute. Finish with heavy cream, add back in the chicken, and let simmer for an additional 3-5 minutes. Season with salt and pepper to taste.", "Garnish with parsley and serve with pasta, mashed potatoes, or your favorite side dish."]','2024-03-17 16:03:58','b6f32b03-9d03-4ff9-8c06-08932e3d7940','null','null','2024-03-17 16:03:58','[{"id": 0, "name": "chicken breasts", "note": "sliced in half", "unit": "whole", "amount": "3"}, {"id": 1, "name": "mushrooms", "note": "sliced", "unit": "Ounce", "amount": "12"}, {"id": 2, "name": "large onion", "note": "sliced", "unit": "whole", "amount": "1"}, {"id": 3, "name": "garlic", "note": "minced", "unit": "clove", "amount": "4"}, {"id": 4, "name": "Marsala", "note": "for the sauce", "unit": "cup", "amount": "3/4"}, {"id": 5, "name": "chicken bone broth", "note": "for the sauce", "unit": "cup", "amount": "1/2"}, {"id": 6, "name": "heavy cream", "note": "for the sauce", "unit": "cup", "amount": "1/2"}, {"id": 7, "name": "Italian seasoning", "note": "for the sauce", "unit": "tb", "amount": "1"}, {"id": 8, "name": "thyme", "note": "for the sauce", "unit": "teaspoon", "amount": "1"}, {"id": 9, "name": "balsamic vinegar", "note": "for the sauce", "unit": "teaspoon", "amount": "1"}, {"id": 10, "name": "salt and pepper", "unit": "whole", "amount": ""}, {"id": 11, "name": "Parsley", "unit": "whole", "amount": ""}]',FALSE),
(104,'Beef Stroganoff','The simplest of recipes but a well-loved one that is perfect for a fast weeknight dinner.','00:15:00','00:40:00','4','','["Select SAUTÉ/High on the Instant Pot. When the pot is hot, add the oil. Once the oil is hot, add the onion and garlic. Cook, stirring frequently, for 1 to 2 minutes.", "Add the stew meat, mushrooms, Worcestershire sauce, salt, pepper, and water.", "Secure the lid on the pot. Close the pressure-release valve. Select MANUAL and set the pot at HIGH pressure for 20 minutes. At the end of the cooking time, allow the pot to sit undisturbed for 10 minutes, then release any remaining pressure.", "Select SAUTÉ/Normal on the pot. Stir in the sour cream.", "Serve with cauliflower rice, low-carb noodles, or buttered egg noodles, if desired."]','2024-03-17 21:44:18','b6f32b03-9d03-4ff9-8c06-08932e3d7940','null','null','2024-03-17 21:44:18','[{"id": 0, "name": "vegetable oil", "unit": "tb", "amount": "1"}, {"id": 1, "name": "chopped onion", "unit": "cup", "amount": "1"}, {"id": 2, "name": "garlic", "note": "minced", "unit": "clove", "amount": "3"}, {"id": 3, "name": "stew meat", "note": "chopped", "unit": "Pound", "amount": "1 1/2"}, {"id": 4, "name": "chopped mushrooms", "unit": "cup", "amount": "1"}, {"id": 5, "name": "Worcestershire sauce", "unit": "tb", "amount": "1"}, {"id": 6, "name": "kosher salt", "unit": "teaspoon", "amount": "1"}, {"id": 7, "name": "black pepper", "unit": "teaspoon", "amount": "1/2"}, {"id": 8, "name": "water", "unit": "cup", "amount": "1/2"}, {"id": 9, "name": "sour cream", "unit": "cup", "amount": "1/2"}]',FALSE),
(105,'Beef Stroganoff','The simplest of recipes but a well-loved one that is perfect for a fast weeknight dinner.','00:15:00','00:40:00','4','','["Select SAUTÉ/High on the Instant Pot. When the pot is hot, add the oil. Once the oil is hot, add the onion and garlic. Cook, stirring frequently, for 1 to 2 minutes.", "Add the stew meat, mushrooms, Worcestershire sauce, salt, pepper, and water.", "Secure the lid on the pot. Close the pressure-release valve. Select MANUAL and set the pot at HIGH pressure for 20 minutes. At the end of the cooking time, allow the pot to sit undisturbed for 10 minutes, then release any remaining pressure.", "Select SAUTÉ/Normal on the pot. Stir in the sour cream.", "Serve with cauliflower rice, low-carb noodles, or buttered egg noodles, if desired."]','2024-03-17 21:44:18','b6f32b03-9d03-4ff9-8c06-08932e3d7940','null','null','2024-03-17 21:44:18','[{"id": 0, "name": "vegetable oil", "unit": "tb", "amount": "1"}, {"id": 1, "name": "chopped onion", "unit": "cup", "amount": "1"}, {"id": 2, "name": "garlic", "note": "minced", "unit": "clove", "amount": "3"}, {"id": 3, "name": "stew meat", "note": "chopped", "unit": "Pound", "amount": "1 1/2"}, {"id": 4, "name": "chopped mushrooms", "unit": "cup", "amount": "1"}, {"id": 5, "name": "Worcestershire sauce", "unit": "tb", "amount": "1"}, {"id": 6, "name": "kosher salt", "unit": "teaspoon", "amount": "1"}, {"id": 7, "name": "black pepper", "unit": "teaspoon", "amount": "1/2"}, {"id": 8, "name": "water", "unit": "cup", "amount": "1/2"}, {"id": 9, "name": "sour cream", "unit": "cup", "amount": "1/2"}]',FALSE);
INSERT INTO "session"("sessionToken","userId","expires") VALUES
('24d068c4-27f6-492d-9c52-7c05d62b920d','ca49ccb4-7cf0-4477-8f3f-90371e737b38','2024-04-15 23:56:11'),
('67867842-1957-4a46-a96b-cf515f34555a','28517b82-9eda-4e1f-9a8f-34e0d917e232','2024-03-25 18:49:25'),
('69c070cd-3cdc-48cf-b682-6834f8967751','ca49ccb4-7cf0-4477-8f3f-90371e737b38','2023-11-25 03:44:38'),
('771ef269-0b0a-4b77-92a3-f0474f81ed40','ca49ccb4-7cf0-4477-8f3f-90371e737b38','2024-03-17 04:32:03'),
('775a0ffc-cd24-4223-8532-7ba6d13c2bda','ca49ccb4-7cf0-4477-8f3f-90371e737b38','2023-11-12 08:36:35'),
('81aee0da-f233-4819-9139-0b69f2cb4997','ca49ccb4-7cf0-4477-8f3f-90371e737b38','2024-03-18 23:38:29'),
('9300d38f-f70c-4013-83dc-eada8a3bf799','b6f32b03-9d03-4ff9-8c06-08932e3d7940','2024-04-18 23:07:40'),
('97f20240-9329-4a5f-9c16-4cb32e1f4224','ca49ccb4-7cf0-4477-8f3f-90371e737b38','2024-04-07 03:24:21'),
('c2820af6-7da9-4707-99da-9676be8f111c','28517b82-9eda-4e1f-9a8f-34e0d917e232','2024-03-26 05:34:29'),
('dc9dd37e-0c97-4f69-b029-49ee90048d45','b6f32b03-9d03-4ff9-8c06-08932e3d7940','2024-03-23 17:13:04'),
('f78180de-fdf3-4f82-8883-6e93583a8691','ca49ccb4-7cf0-4477-8f3f-90371e737b38','2024-03-18 03:12:30');
INSERT INTO "user"("id","name","email","emailVerified","image","created_at","updated_at","role") VALUES
('28517b82-9eda-4e1f-9a8f-34e0d917e232','Michael Lee','michaeldlee3@gmail.com',NULL,'https://lh3.googleusercontent.com/a/ACg8ocKhspzcVpX1trAPgoONkpehny50uZ6TK3HjuB2Gm_81=s96-c','2024-02-06 01:24:22','2024-02-07 08:12:26','admin'),
('339263e3-82d2-480d-a7c0-d70858fc2ccb','Mithara Kaluarachchi','mitharakal@gmail.com',NULL,'https://lh3.googleusercontent.com/a/ACg8ocL8cMjXbIneSO2sZ6JO3VbNOHCmYWoFKl29WATiPaKY=s96-c','2024-02-12 15:20:58','2024-02-12 15:20:58','basic'),
('572731ff-3bda-4ace-adf8-dc3e0ba55af4','Gavin Jakubik','gavin.jakubik@gmail.com',NULL,'https://lh3.googleusercontent.com/a/ACg8ocLqAWZFJtXJg5CReaRcYAJqzgpCBG7sreVE3fQu13VgFOY=s96-c','2023-10-13 08:15:52','2023-11-22 18:24:08','admin'),
('b6f32b03-9d03-4ff9-8c06-08932e3d7940','Sara Atassi','atassisara@gmail.com',NULL,'https://lh3.googleusercontent.com/a/ACg8ocLVDgxisT88CFtKwrvQPjw1MjCVu7kdSTh0P5VDaW1c=s96-c','2023-12-21 22:26:03','2023-12-21 22:26:03','basic'),
('ca49ccb4-7cf0-4477-8f3f-90371e737b38','Gavin Jakubik','gavito8800@gmail.com',NULL,'https://lh3.googleusercontent.com/a/ACg8ocIuGQ93Fkn976mBVj5yyN5m-73jkPnIpso6BLquTymuKg=s96-c','2023-10-13 08:18:35','2023-11-22 18:24:08','admin'),
('ea6e1fa6-d9b2-4847-a4dd-a81af2146d9b','Julia J','jjak8800@gmail.com',NULL,'https://lh3.googleusercontent.com/a/ACg8ocK-440mv6eib16M56LRxRuK0PUeO77OUz_vdKJXfjV5oQ=s96-c','2024-01-24 03:51:22','2024-01-24 03:51:22','basic');